Name,Age,CreditScore,TransactionAmount,LoanAmount,LatePayments
Chloe Cooke,0.5319148936170213,0.5309090909090909,0.4967539054574964,0.535507101420284,0.4
Curtis Nguyen,0.3829787234042553,0.06727272727272728,0.21789409616555083,0.27065413082616524,1.0
Joseph Gonzalez,0.6170212765957447,0.4163636363636364,0.2899168188273483,0.8267653530706142,0.4
Anthony Webster,0.2978723404255319,0.9272727272727272,0.40809494826536824,0.4214842968593719,0.4
Felicia Blair,0.9574468085106383,0.1709090909090909,0.604889429904646,0.8563712742548509,0.0
Kerry Cole,0.2765957446808511,0.3527272727272727,0.7002434570906878,0.08541708341668333,0.2
Jeffrey Holden,0.40425531914893614,0.023636363636363636,0.920470683708663,0.7669533906781356,0.6
Christopher Padilla,0.5106382978723404,0.07454545454545454,0.7157638466220329,0.07201440288057612,1.0
Christopher Williams,0.40425531914893614,0.9727272727272728,0.3034083992696287,0.23704740948189637,0.2
Christopher Parker,0.723404255319149,0.34545454545454546,0.3524041387705417,0.5761152230446089,0.2
John Garcia,0.5957446808510638,0.5963636363636363,0.11503347534996956,0.3176635327065413,0.2
Grant Armstrong,0.1276595744680851,0.6618181818181819,0.5463582876851288,0.4332866573314663,0.4
Alexa Hunt,0.3404255319148936,0.9254545454545454,0.462162710488943,0.3320664132826565,0.0
Rebekah Simon,0.2765957446808511,0.01090909090909091,0.373605193751268,0.7389477895579116,0.2
Elizabeth Warren,0.9574468085106383,0.21454545454545454,0.9298032055183607,0.9423884776955391,0.0
Carol Blevins,0.5106382978723404,0.02727272727272727,0.9078920673564618,0.755751150230046,0.4
John Perez,0.44680851063829785,0.025454545454545455,0.8332318928788801,0.9429885977195439,0.8
Jennifer Lowe,0.8936170212765957,0.6472727272727272,0.03966321769121526,0.13062612522504502,0.0
Betty Wilson,0.723404255319149,0.16,0.5807466017447758,0.1894378875775155,1.0
Melissa Howard,0.723404255319149,0.9072727272727272,0.015926151349158046,0.7319463892778556,0.6
Megan Schultz,0.3617021276595745,0.9890909090909091,0.25573138567660786,0.7959591918383677,1.0
Nathan Powell,0.10638297872340426,0.11454545454545455,0.16271048894299048,0.254250850170034,0.4
Vicki Butler,0.48936170212765956,0.056363636363636366,0.5243457090687766,0.7603520704140828,0.6
Ryan Harvey,0.9361702127659575,0.06545454545454546,0.796206127003449,0.98499699939988,0.4
Sharon Harmon,0.7446808510638298,0.3054545454545455,0.6514505984986813,0.9845969193838767,0.2
Virginia Knox,0.6595744680851063,0.44,0.8987624264556705,0.42948589717943586,0.4
Christine Jones,0.3404255319148936,0.20909090909090908,0.7060255629945222,0.7261452290458091,0.6
Pedro Austin,0.3191489361702128,0.4218181818181818,0.7167782511665652,0.594118823764753,0.8
Matthew Barnes,0.425531914893617,0.6309090909090909,0.8453033069588152,0.5069013802760552,0.2
Michael Jackson,0.44680851063829785,0.09636363636363636,0.949685534591195,0.1920384076815363,0.4
Roberto Lopez,0.9361702127659575,0.6145454545454545,0.814262527896125,0.04700940188037608,0.2
Casey Ward,0.5957446808510638,0.9236363636363636,0.9896530736457699,0.14042808561712342,0.6
Steven Ferrell,0.40425531914893614,0.5272727272727272,0.09981740718198417,0.4878975795159032,1.0
Travis George,0.7446808510638298,0.6436363636363637,0.6966930411848246,0.5639127825565113,0.6
Charles Miller,0.8085106382978723,0.44363636363636366,0.905863258267397,0.7253450690138028,0.4
Felicia Diaz,0.6808510638297872,0.8381818181818181,0.2079529316291337,0.8077615523104621,0.6
John Greer,0.40425531914893614,0.3490909090909091,0.7016636234530331,0.8079615923184637,0.6
John Davis,0.9361702127659575,0.9963636363636363,0.6290322580645161,0.43528705741148227,0.4
Jennifer Vaughn,0.3829787234042553,0.9345454545454546,0.14698721850273888,0.33186637327465496,0.4
Megan Barnett,0.7659574468085106,0.5690909090909091,0.4478596064110367,0.965993198639728,0.6
Charles Smith,0.5319148936170213,0.00909090909090909,0.4165145059849868,0.9831966393278656,0.4
Dana Bush,0.6808510638297872,0.7272727272727273,0.5064921890850071,0.02500500100020004,0.0
Jonathan Perez,0.8936170212765957,0.3236363636363636,0.17062284439034286,0.41608321664332865,0.0
Kim Campbell,0.19148936170212766,0.15272727272727274,0.2947859606411037,0.05621124224844969,0.4
Rebecca King,0.2765957446808511,0.5381818181818182,0.34002840332724693,0.7755551110222044,0.4
Megan Mendez,0.5319148936170213,0.6454545454545455,0.06258876039764658,0.9089817963592719,1.0
Barbara Davis,0.8936170212765957,0.3018181818181818,0.07384865084195577,0.127625525105021,0.0
Craig Allen,0.2127659574468085,0.7854545454545454,0.28758368837492393,0.2436487297459492,0.4
Brenda Mora,0.8723404255319149,0.12363636363636364,0.8103063501724488,0.27985597119423883,0.8
Victoria Miller,0.02127659574468085,0.8563636363636363,0.09373097991479001,0.6087217443488697,0.4
John Lambert,0.1276595744680851,0.04909090909090909,0.4624670318523027,0.6239247849569914,0.4
Susan Fuller,0.9361702127659575,0.8727272727272727,0.5183607222560357,0.13622724544908982,0.2
Jason Williams,0.9787234042553191,0.3836363636363636,0.5427064313248123,0.8091618323664733,0.6
Scott Conley,0.02127659574468085,0.9690909090909091,0.005477784540474742,0.3198639727945589,1.0
John Wright,0.6170212765957447,0.88,0.27074457293568677,0.353870774154831,0.2
Erin Fernandez,0.1276595744680851,0.7181818181818181,0.21089470480827754,0.4330866173234647,0.8
Jennifer Brown,0.574468085106383,0.3145454545454546,0.7946845201866505,0.3836767353470694,0.8
Taylor Serrano,0.2978723404255319,0.5145454545454545,0.5549807263136539,0.9085817163432687,0.6
Isaac Serrano,0.40425531914893614,0.7254545454545455,0.10002028809089064,0.6495299059811962,0.6
Emily Duncan,0.44680851063829785,0.47454545454545455,0.4416717386893893,0.9277855571114223,0.8
Lindsey Brooks,0.6595744680851063,0.18727272727272729,0.9487725705011159,0.9437887577515504,0.6
Maria Greene,0.19148936170212766,0.5836363636363636,0.09616555082166768,0.7293458691738348,0.0
Michael Bray,0.10638297872340426,0.7963636363636364,0.553763440860215,0.26865373074614923,0.0
Jacqueline Cochran,0.3617021276595745,0.19272727272727272,0.7985392574558734,0.3050610122024405,0.0
Jose Brandt,0.6595744680851063,0.06545454545454546,0.9726110772976263,0.4870974194838968,0.2
Wanda Garcia,0.5319148936170213,0.3654545454545455,0.9990870359099209,0.009601920384076815,0.4
Jillian Smith,0.8297872340425532,0.49454545454545457,0.9552647595861229,0.22484496899379877,0.6
Carrie Clark,0.8297872340425532,0.21636363636363637,0.40332724690606614,0.632126425285057,0.4
Michael Dean,0.14893617021276595,0.3290909090909091,0.14374112396023533,0.5647129425885177,0.8
Mr. Jason Brown DVM,0.6808510638297872,0.9072727272727272,0.4706837086630148,0.12582516503300661,0.4
Laura Whitehead,0.851063829787234,0.24,0.014404544532359505,0.9835967193438687,0.2
Kyle Ponce,0.574468085106383,0.5254545454545455,0.9821464800162305,0.637127425485097,1.0
Theresa Guzman,0.48936170212765956,0.5709090909090909,0.15358084804219924,0.9491898379675935,0.2
Misty Thompson,0.723404255319149,0.19454545454545455,0.27216473929803203,0.044608921784356874,0.6
John David,0.6808510638297872,0.5963636363636363,0.9456279164130655,0.8027605521104221,1.0
Jack Frye,0.7659574468085106,0.00909090909090909,0.218401298437817,0.05521104220844169,1.0
Sarah Fletcher,0.5957446808510638,0.7509090909090909,0.17762223574761615,0.5167033406681336,0.0
Anna Griffin,0.6170212765957447,0.13636363636363635,0.6622032866707243,0.0018003600720144029,1.0
Kelly Davidson,1.0,0.7381818181818182,0.3328261310610672,0.8795759151830366,0.8
Annette Lewis,0.7446808510638298,0.4109090909090909,0.5758774599310205,0.6497299459891979,0.4
Michael Ferrell,0.425531914893617,0.04909090909090909,0.888618381010347,0.7433486697339468,0.0
Melissa West,0.6382978723404256,0.6272727272727273,0.44288902414282816,0.3806761352270454,0.6
Nathaniel Richmond,0.2553191489361702,0.35454545454545455,0.2649624670318523,0.6257251450290058,0.6
Hunter Garcia,0.7021276595744681,0.9763636363636363,0.14881314668289713,0.9389877975595119,0.8
James Hansen,0.5531914893617021,0.1709090909090909,0.685737472103875,0.9159831966393278,1.0
Veronica Krueger,0.9148936170212766,0.7854545454545454,0.7311827956989247,0.4898979795959192,0.6
Jonathon Anderson,0.8297872340425532,0.6036363636363636,0.24964495840941367,0.3080616123224645,0.0
Katelyn Tate,0.8297872340425532,0.9981818181818182,0.28646784337593834,0.3740748149629926,0.6
Jessica Nelson,0.6170212765957447,0.4018181818181818,0.3182187056198012,0.12582516503300661,0.2
Dana Wiley,0.9787234042553191,0.5981818181818181,0.9973625481842159,0.5481096219243848,0.6
Tracy Brown,0.10638297872340426,0.78,0.6634205721241632,0.41048209641928385,0.4
Walter Chavez,0.6382978723404256,0.9981818181818182,0.6854331507405154,0.3634726945389078,0.6
Isaiah Lopez,0.425531914893617,0.38727272727272727,0.05802393994725096,0.4408881776355271,0.4
Lori Graves,0.9787234042553191,0.6854545454545454,0.5272874822479204,0.4502900580116023,0.6
Kenneth Rogers,0.19148936170212766,0.2290909090909091,0.7516737674984784,0.35267053410682137,0.8
Andrew Moran,0.23404255319148937,0.9545454545454546,0.5450395617772368,0.877375475095019,0.0
Timothy Martin,0.40425531914893614,0.8,0.9364982755122743,0.021004200840168033,0.8
Mr. William Mason III,0.1702127659574468,0.4581818181818182,0.20724284844796104,0.03520704140828165,1.0
Lynn Thomas,0.425531914893617,0.6054545454545455,0.4881314668289714,0.34086817363472693,0.4
Dustin Stone,0.6170212765957447,0.23454545454545456,0.0335767904240211,0.6419283856771354,0.4
John Hughes,0.7659574468085106,0.6618181818181819,0.6111787380807466,0.6815363072614523,0.6
Bryce Hill,0.5957446808510638,0.23636363636363636,0.2686143233921688,0.9701940388077616,0.4
Ashley Vincent,0.3191489361702128,0.8254545454545454,0.5642118076688983,0.6959391878375675,0.2
Spencer Johnson,0.2978723404255319,0.3418181818181818,0.6641306553053358,0.9677935587117423,0.6
Angel Maldonado,0.5319148936170213,0.8545454545454545,0.8526070196794482,0.0058011602320464095,0.4
Eric Vazquez,0.44680851063829785,0.33454545454545453,0.6865489957395009,0.20004000800160032,0.4
Lisa Cole,0.8297872340425532,0.39454545454545453,0.7171840129843782,0.17103420684136827,0.4
Andrew Jackson,0.19148936170212766,0.7072727272727273,0.515520389531345,0.47229445889177835,1.0
Maurice Banks,0.46808510638297873,0.45636363636363636,0.18320146074254412,0.4250850170034007,0.2
Alexandra Liu,0.6595744680851063,0.44,0.3608236964901603,0.7299459891978396,0.8
Debbie Scott,0.6595744680851063,0.06909090909090909,0.31963887198214647,0.593118623724745,1.0
Shannon Lee,0.19148936170212766,0.8618181818181818,0.3180158247108947,0.6629325865173035,0.8
Larry Bray,0.5106382978723404,0.37636363636363634,0.11848245080137959,0.845369073814763,0.0
Jennifer Palmer,0.5957446808510638,0.7636363636363637,0.9009941164536417,0.6429285857171434,0.6
Cassandra Palmer,0.6170212765957447,0.9818181818181818,0.11422195171434368,0.7359471894378876,0.0
Elizabeth Smith,0.5319148936170213,0.3109090909090909,0.08561574355853115,0.4536907381476295,0.0
Nancy Arnold,0.3617021276595745,0.7927272727272727,0.2974234124568878,0.7245449089817964,0.2
Nathan Robinson,1.0,0.1618181818181818,0.6791438425644147,0.7489497899579916,0.8
Shawn Vaughn,0.44680851063829785,0.005454545454545455,0.06745790221140191,0.07721544308861772,0.2
Angela Wood,0.2978723404255319,0.0018181818181818182,0.8034083992696287,0.9151830366073215,1.0
Joseph Heath,0.48936170212765956,0.36,0.20359099208764456,0.2576515303060612,0.0
Barbara Thomas,0.2765957446808511,0.82,0.7659768715763846,0.7945589117823565,0.2
Amanda Hart,0.0425531914893617,0.3890909090909091,0.32176912152566445,0.0022004400880176033,0.0
Lindsey Martinez,0.9787234042553191,0.8090909090909091,0.9506999391357274,0.08761752350470094,0.2
Benjamin Rodgers,0.5957446808510638,0.78,0.42909312233718805,0.3636727345469094,0.6
Rachel Porter,0.9574468085106383,0.9036363636363637,0.3857780482856563,0.15283056611322265,1.0
Robert Robbins,0.0851063829787234,0.9072727272727272,0.962162710488943,0.20584116823364673,0.8
Michelle Travis,0.8297872340425532,0.7654545454545455,0.2592818015824711,0.6041208241648329,0.2
Seth Green,0.3617021276595745,0.8563636363636363,0.9036315682694258,0.36027205441088217,0.8
Kimberly Allen,0.9574468085106383,0.2818181818181818,0.5394603367823088,0.003800760152030406,0.8
Dana Jenkins,0.48936170212765956,0.82,0.025461554067762224,0.42568513702740546,0.2
Olivia Sanders,0.3617021276595745,0.54,0.6200040576181781,0.2468493698739748,0.8
Amy Miller,0.3404255319148936,0.8036363636363636,0.46966930411848246,0.9195839167833567,0.4
Kathryn Hill,0.8085106382978723,0.4,0.4077906269020085,0.7595519103820764,0.0
Daniel Wilson,0.40425531914893614,0.05818181818181818,0.8291742747007507,0.15643128625725145,0.2
Kelly Lane,0.46808510638297873,0.6981818181818182,0.577399066747819,0.22724544908981797,0.4
Jacqueline Calderon,0.6595744680851063,0.023636363636363636,0.5882531953743153,0.40268053610722143,0.6
Amanda Woodward,0.7659574468085106,0.6581818181818182,0.17701359302089673,0.020604120824164834,0.4
Erin Atkins,0.3617021276595745,0.6945454545454546,0.20267802799756543,0.992998599719944,0.8
Michael Martin,0.48936170212765956,0.5072727272727273,0.4379184418746196,0.8929785957191438,0.0
Morgan Bailey,0.5531914893617021,0.19090909090909092,0.6755934266585514,0.34766953390678135,0.0
Karen Gibson,0.6595744680851063,0.014545454545454545,0.6175694867113005,0.3244648929785957,0.0
David Dominguez,0.5319148936170213,0.6163636363636363,0.0956583485494015,0.7305461092218444,0.2
Andrew Henderson,0.46808510638297873,0.14545454545454545,0.6044836680868331,0.04040808161632326,0.8
Cassidy Barron,0.6170212765957447,0.6909090909090909,0.22286467843375937,0.6223244648929785,0.4
Carmen Fletcher,0.3829787234042553,0.9218181818181819,0.796206127003449,0.024004800960192037,0.4
Erik Hanson,0.0851063829787234,0.07454545454545454,0.28149726110772977,0.7253450690138028,1.0
Brian Hodge,0.46808510638297873,0.19454545454545455,0.9186447555285048,0.17203440688137628,0.8
John Johnson,0.19148936170212766,0.19090909090909092,0.5075065936295394,0.8367673534706941,1.0
Dennis Hamilton,0.5319148936170213,0.2781818181818182,0.08622438628525056,0.9277855571114223,0.6
Caleb Shepherd,0.2127659574468085,0.08545454545454545,0.10965713126394806,0.48849769953990796,0.0
Richard Reid,0.02127659574468085,0.16,0.619091093528099,0.8005601120224045,0.0
Michael Brewer,0.46808510638297873,0.22,0.8618381010346926,0.6547309461892379,0.2
Kelly Sosa,0.7872340425531915,0.4818181818181818,0.8042199229052546,0.7419483896779356,1.0
Stephen Miller,0.8936170212765957,0.5618181818181818,0.6387705416920267,0.13542708541708343,0.4
Sara Rice,0.8297872340425532,0.44545454545454544,0.06887806857374722,0.2388477695539108,0.4
Paula Tucker,0.48936170212765956,0.7890909090909091,0.3076688983566646,0.6861372274454891,0.0
Sarah French,0.3829787234042553,0.6945454545454546,0.6995333739095151,0.48389677935587116,0.4
Anthony Hunter,0.3617021276595745,0.29454545454545455,0.08328261310610671,0.5885177035407081,0.2
Melanie Hill,0.425531914893617,0.6309090909090909,0.5242442686143234,0.9941988397679536,0.6
Tracie Gentry,0.19148936170212766,0.6581818181818182,0.2572529924934064,0.3042608521704341,1.0
Juan Bowman,0.46808510638297873,0.6909090909090909,0.5744572935686751,0.6411282256451291,0.2
Robert Castro,0.46808510638297873,0.49818181818181817,0.8784743355650233,0.6055211042208442,0.2
Victoria Cooper,0.7659574468085106,0.6981818181818182,0.6425238385067965,0.10942188437687538,0.6
Tiffany Davis,0.9148936170212766,0.21636363636363637,0.8019882329072834,0.6783356671334266,0.2
Scott Clark,0.5319148936170213,0.6309090909090909,0.3836477987421384,0.014202840568113623,1.0
Deanna Reynolds,0.2553191489361702,0.7363636363636363,0.10965713126394806,0.3358671734346869,0.2
Gina Johnson,0.14893617021276595,0.6763636363636364,0.9924934063704606,0.5707141428285657,0.6
Patrick Brown,0.8936170212765957,0.29454545454545455,0.8849665246500305,0.4284856971394279,1.0
Timothy Copeland,0.3191489361702128,0.6,0.6034692635423007,0.21864372874574914,0.2
Mary Gould,0.1276595744680851,0.9618181818181818,0.5775005072022723,0.20724144828965793,0.6
Danielle Perez,0.1276595744680851,0.8218181818181818,0.01653479407587746,0.20464092818563712,0.2
Jennifer Wolf,0.3617021276595745,0.4490909090909091,0.3733008723879083,0.6219243848769754,0.0
Mary Reynolds,0.46808510638297873,0.8727272727272727,0.43102049097179956,0.18143628725745148,0.0
Erica Greene,0.2127659574468085,0.39636363636363636,0.2797727733820248,0.7961592318463693,1.0
Jennifer Crawford,0.9787234042553191,0.8472727272727273,0.5522418340434165,0.27245449089817964,0.0
Karen Hoffman,0.9361702127659575,0.7672727272727272,0.5703996753905457,0.5389077815563112,0.2
Matthew Roberts,0.1276595744680851,0.24,0.42523838506796513,0.40128025605121026,0.2
Mark Cabrera,0.9148936170212766,0.14181818181818182,0.4031243659971597,0.6909381876375275,0.0
John Joseph,0.0425531914893617,0.8254545454545454,0.04696693041184825,0.5291058211642329,1.0
George Gilbert,0.6595744680851063,0.02727272727272727,0.32968147697301686,0.9675935187037408,0.8
Rachel Schultz,0.6382978723404256,0.07818181818181819,0.07171840129843782,0.18143628725745148,0.2
Robert Vincent,0.3829787234042553,0.9927272727272727,0.9012984378170015,0.7475495099019804,0.4
Stephanie Fuentes,0.0851063829787234,0.14363636363636365,0.5629945222154595,0.8279655931186237,0.6
Ethan Taylor,0.14893617021276595,0.3490909090909091,0.6305538648813147,0.11182236447289458,0.6
Laurie Rivas DDS,0.3829787234042553,0.6090909090909091,0.4355853114221952,0.8031606321264253,0.4
Ronald White,0.06382978723404255,0.9581818181818181,0.16697098803002638,0.19923984796959393,0.6
Michelle Gross,0.2765957446808511,0.1618181818181818,0.36193954148914587,0.8047609521904381,0.8
Jacob Pollard,0.14893617021276595,0.8963636363636364,0.39196591600730374,0.2616523304660932,0.8
Dale Edwards,0.5319148936170213,0.12545454545454546,0.06644349766686955,0.2510502100420084,1.0
Karen Nichols,0.723404255319149,0.49636363636363634,0.12477175897748022,0.3328665733146629,0.4
Ashley Patel,0.2553191489361702,0.6145454545454545,0.38456076283221746,0.7275455091018204,0.6
Charles Norman,0.3617021276595745,0.4018181818181818,0.330594441063096,0.3684736947389478,0.2
James Morris MD,0.3191489361702128,0.9327272727272727,0.0310407790626902,0.21444288857771554,1.0
Nathan Best,0.23404255319148937,0.26545454545454544,0.22529924934063705,0.5521104220844169,0.0
Christopher Mcmillan,0.23404255319148937,0.72,0.5654290931223371,0.5139027805561113,0.0
Douglas Tucker,0.2765957446808511,0.39454545454545453,0.8427672955974843,0.8091618323664733,0.8
Susan Mcdonald,0.3829787234042553,0.42363636363636364,0.4751470886589572,0.08641728345669134,0.2
Laura Bush,0.7872340425531915,0.7218181818181818,0.17143436802596876,0.18623724744948988,0.6
Henry Thompson,0.7659574468085106,0.32727272727272727,0.00953540271860418,0.42468493698739745,0.4
Jorge Stevenson,0.48936170212765956,0.9054545454545454,0.42675999188476366,0.7975595119023805,0.4
Erin Clay,0.14893617021276595,0.52,0.15175491986204098,0.4518903780756151,0.6
Walter Lawson,0.5106382978723404,0.4290909090909091,0.020490971799553663,0.8075615123024605,0.6
Tina Lee,0.9361702127659575,0.9963636363636363,0.41884763643741124,0.9363872774554911,1.0
Russell Johnson,0.6170212765957447,0.2109090909090909,0.7516737674984784,0.11602320464092819,0.8
James Powell,0.3829787234042553,0.016363636363636365,0.9392371677825117,0.5113022604520904,0.4
Elizabeth Zimmerman,0.3829787234042553,0.11272727272727273,0.1591600730371272,0.6299259851970395,0.8
Gloria Cohen,0.5957446808510638,0.25636363636363635,0.2336173666058024,0.3832766553310662,0.8
Melissa Adams,0.3617021276595745,0.05272727272727273,0.5763846622032867,0.15763152630526106,0.2
Brian Higgins,0.7021276595744681,0.24909090909090909,0.03763440860215054,0.5367073414682937,0.8
Joseph Hurley,0.5106382978723404,0.4254545454545455,0.9223980523432745,0.4452890578115623,0.4
Brian Murray,0.10638297872340426,0.7363636363636363,0.027186041793467234,0.957991598319664,0.6
Julian Mack,0.7659574468085106,0.6563636363636364,0.4266585514303104,0.9079815963192639,0.4
Evan Savage,0.0425531914893617,0.13090909090909092,0.9477581659565835,0.5185037007401481,0.6
Michael Ferrell,0.9574468085106383,0.6945454545454546,0.6020490971799554,0.8567713542708542,0.6
William Schwartz,0.2765957446808511,0.7927272727272727,0.5832826131061067,0.6199239847969594,0.6
Dr. Whitney Fuller,0.723404255319149,0.38,0.37167782511665653,0.6025205041008201,0.4
Gabriel Crawford,0.2553191489361702,0.6963636363636364,0.2894096165550822,0.07981596319263853,1.0
David Walton,1.0,0.5854545454545454,0.7035909920876445,0.32406481296259254,0.4
Olivia Parks,0.425531914893617,0.4218181818181818,0.07537025765875431,0.1230246049209842,0.6
Juan Clark,0.9574468085106383,0.26545454545454544,0.7029823493609252,0.5087017403480696,0.0
Jennifer Ramirez,0.425531914893617,0.6381818181818182,0.9750456482045039,0.6397279455891178,1.0
Tara Riley,0.46808510638297873,0.6236363636363637,0.44877257050111585,0.5371074214842969,0.6
Walter Gallegos,0.7021276595744681,0.04909090909090909,0.12740921079326437,0.20784156831366274,0.0
Mark Barnes,0.2127659574468085,0.3509090909090909,0.8715763846622033,0.7779555911182237,0.2
Jeffrey Rollins,0.5531914893617021,0.41454545454545455,0.3894299046459728,0.657131426285257,0.8
George Smith,0.2127659574468085,0.6872727272727273,0.8405356055995131,0.22684536907381475,0.8
Courtney Garrison,0.3191489361702128,0.7254545454545455,0.9236153377967133,0.42968593718743747,0.0
Jake Moore,0.7446808510638298,0.25272727272727274,0.42097788598092917,0.09281856371274255,0.4
Erin Hughes,0.5106382978723404,0.9636363636363636,0.7029823493609252,0.02440488097619524,0.2
Sarah Farmer,0.8723404255319149,0.014545454545454545,0.4291945627916413,0.6293258651730346,0.2
Wayne Lee,0.2765957446808511,0.9981818181818182,0.5621829985798337,0.3734746949389878,0.2
Taylor Mack,0.9361702127659575,0.49636363636363634,0.5079123554473524,0.7593518703740748,0.2
Mr. Brian Henderson,0.2978723404255319,0.3490909090909091,0.3799959423818219,0.6557311462292459,1.0
Mitchell Pitts,0.0,0.02909090909090909,0.3747210387502536,0.6557311462292459,0.4
Deborah Cline,0.9361702127659575,0.10363636363636364,0.2790626902008521,0.41648329665933187,0.6
Steven Mcmahon,0.3829787234042553,0.42727272727272725,0.43152769324406576,0.392878575715143,0.2
Joel Chen,0.6382978723404256,0.7363636363636363,0.8259281801582471,0.712742548509702,0.0
Alyssa Woodward,0.425531914893617,0.5236363636363637,0.5456482045039561,0.7639527905581116,0.8
Charles Williams,0.6595744680851063,0.5018181818181818,0.2776425238385068,0.7893578715743149,0.4
Tammy York,0.14893617021276595,0.39636363636363636,0.9417731791438425,0.9759951990398079,0.4
Guy Kirby,0.8723404255319149,0.38545454545454544,0.9920876445526476,0.5131026205241048,0.0
Dr. Taylor Mcclain Jr.,0.02127659574468085,0.025454545454545455,0.548995739500913,0.10762152430486097,0.8
David Allen,0.0,1.0,0.32917427470075067,0.46949389877975595,0.0
Julie Sharp,0.8936170212765957,0.08181818181818182,0.29275715155203896,0.33246649329865974,0.0
Brian Stephens,0.425531914893617,0.6636363636363637,0.3337390951511463,0.8263652730546109,0.2
William Brown,0.3191489361702128,0.3709090909090909,0.19649016027591804,0.5317063412682537,0.4
Timothy Rice,0.02127659574468085,0.045454545454545456,0.6847230675593426,0.9009801960392079,0.0
April Daniels,0.19148936170212766,0.44181818181818183,0.09149928991681883,0.42208441688337667,0.4
Jessica Ramirez,1.0,0.889090909090909,0.9099208764455264,0.9961992398479695,0.8
Amanda Gaines,0.06382978723404255,0.2309090909090909,0.17488334347737877,0.9251850370074015,0.6
Thomas Harris,0.5106382978723404,0.24,0.3366808683302901,0.36767353470694136,0.2
Robert Ford,0.7446808510638298,0.38,0.05599513085818624,0.3764752950590118,0.4
Julie Foster,0.14893617021276595,0.8581818181818182,0.3911543923716778,0.513502700540108,1.0
Steven Foster,0.10638297872340426,0.7490909090909091,0.1867518766484074,0.10322064412882577,0.0
Warren Simon,0.02127659574468085,0.4254545454545455,0.7276323797930615,0.43048609721944386,0.0
Jessica Jacobs,0.9148936170212766,0.6890909090909091,0.10448366808683303,0.0622124424884977,0.0
Taylor Spencer,0.9148936170212766,0.2545454545454545,0.8805031446540881,0.9151830366073215,1.0
Raymond Coleman,0.3617021276595745,0.37272727272727274,0.20785149117468046,0.3790758151630326,0.0
Jonathon Lewis,0.425531914893617,0.24727272727272728,0.14850882531953744,0.9837967593518704,0.4
Kristine Lopez,0.574468085106383,0.15818181818181817,0.00010144045445323595,0.9533906781356272,0.4
Zachary Haley,0.0,0.7109090909090909,0.8437817001420166,0.046409281856371276,0.0
Thomas Le,0.10638297872340426,0.7145454545454546,0.19395414891458715,0.7581516303260653,1.0
Brooke Davis,0.6170212765957447,0.1618181818181818,0.45698924731182794,0.8595719143828766,0.2
Raymond Gutierrez,0.3191489361702128,0.24,0.7792655711097586,0.3188637727545509,0.6
Gregory Coleman,0.44680851063829785,0.09818181818181818,0.16484073848650843,0.23344668933786758,0.2
Joshua Lee,0.9574468085106383,0.7072727272727273,0.26019476567255023,0.5681136227245449,0.0
Raymond Cain,0.2978723404255319,0.6963636363636364,0.28545343883140595,0.5967193438687738,0.0
Chad Spencer DVM,0.0,0.09272727272727273,0.08328261310610671,0.4354870974194839,0.4
Maria Peters,0.5106382978723404,0.7854545454545454,0.47453844593223776,0.16343268653730747,0.6
Natalie Marquez,0.9148936170212766,0.8,0.6042807871779265,0.8341668333666733,0.8
Gary Hoffman,1.0,0.7,0.10458510854128626,0.8143628725745149,0.4
Ryan Clark,0.23404255319148937,0.7945454545454546,0.8527084601339014,0.8791758351670335,0.4
Nicholas Mcdaniel,1.0,0.02,0.8621424223980524,0.4412882576515303,1.0
Adam Flynn,0.3404255319148936,0.8836363636363637,0.7099817407181984,0.8495699139827966,0.0
Steven King,0.06382978723404255,0.17454545454545456,0.8372895110570096,0.7851570314062812,0.2
Emily Rodriguez,0.9148936170212766,0.8,0.017752079529316293,0.6911382276455291,0.4
Jeffery Copeland,0.425531914893617,0.12727272727272726,0.42138364779874216,0.33526705341068214,0.8
Tiffany Duncan,0.7021276595744681,0.62,0.9635828768512883,0.3104620924184837,0.4
Colleen Chan,0.2765957446808511,0.9509090909090909,0.11838101034692636,0.8821764352870574,0.6
Luis Yates,0.2978723404255319,0.8963636363636364,0.030432136335970784,0.9991998399679936,0.4
Levi Guzman,0.5106382978723404,0.1709090909090909,0.9105295191722459,0.9993998799759952,0.8
Aimee Cross,0.0425531914893617,0.19818181818181818,0.13045242442686142,0.6999399879975995,0.0
Angela Graham,0.14893617021276595,0.66,0.9648001623047271,0.13382676535307061,1.0
Jesse Rose,0.8723404255319149,0.5472727272727272,0.7009535402718604,0.20584116823364673,0.2
Catherine Vance,1.0,0.5436363636363636,0.504260499087036,0.026805361072214443,0.8
Gloria Richards,0.44680851063829785,0.7,0.8264353824305133,0.14382876575315062,0.8
Bryan King,1.0,0.8527272727272728,0.49482653682288497,0.46209241848369675,1.0
Krista Schmidt,0.425531914893617,0.4618181818181818,0.15469669304118483,0.9451890378075615,1.0
Sharon Singh,0.48936170212765956,0.9454545454545454,0.8225806451612904,0.8705741148229645,0.2
Katrina Ruiz,0.9361702127659575,0.44545454545454544,0.3908500710083181,0.9611922384476895,0.0
Daniel Cherry,0.02127659574468085,0.7672727272727272,0.3662000405761818,0.4624924984996999,0.4
Morgan Bryant,0.23404255319148937,0.7818181818181819,0.323290728342463,0.21344268853770754,0.4
Linda Carpenter,0.851063829787234,0.27454545454545454,0.5185636031649422,0.8169633926785357,0.8
Abigail Duke,0.19148936170212766,0.5181818181818182,0.4512071414079935,0.11102220444088817,0.8
David Kennedy,0.14893617021276595,0.7454545454545455,0.6334956380604585,0.7201440288057611,0.2
Melissa Moore,0.6382978723404256,0.10181818181818182,0.5186650436193954,0.16683336667333468,0.4
Tamara Cooper,0.7872340425531915,0.35454545454545455,0.12609048488537228,0.7029405881176235,1.0
Lisa Matthews,0.2765957446808511,0.3054545454545455,0.42260093325218095,0.4156831366273255,0.8
Robert Stevenson,0.6170212765957447,0.3509090909090909,0.9383242036924325,0.25645129025805163,0.0
Susan Boone,0.2765957446808511,0.18,0.7215459525258673,0.5997199439887978,0.8
William Lowery,0.48936170212765956,0.84,0.5260701967944816,0.40648129625925183,0.6
Brittany Villanueva,0.9361702127659575,0.37636363636363634,0.8995739500912964,0.5965193038607721,1.0
Gary Simmons,0.7659574468085106,0.7545454545454545,0.4068776628119294,0.060612122424484896,0.2
Timothy Mcintyre,0.5319148936170213,0.9127272727272727,0.19304118482450802,0.9027805561112222,0.6
Brittany Farley,0.7021276595744681,0.18727272727272729,0.1348143639683506,0.7997599519903981,0.8
Laura Rush,0.3829787234042553,0.7090909090909091,0.4186447555285048,0.6569313862772554,0.6
Joshua Kennedy,0.5319148936170213,0.3327272727272727,0.3858794887401096,0.7001400280056012,1.0
Jamie Nelson,0.5957446808510638,0.49272727272727274,0.47900182592818014,0.7871574314862972,1.0
Aaron Williams,0.723404255319149,0.05090909090909091,0.8137553256238588,0.11522304460892178,0.2
April Patterson,1.0,0.8145454545454546,0.938932846419152,0.513502700540108,0.8
Daniel Stewart,0.14893617021276595,1.0,0.27459931020490974,0.20564112822564512,0.6
Brett Howard,0.8297872340425532,0.04181818181818182,0.8401298437817002,0.19343868773754752,0.2
Stephen Mcmahon,0.851063829787234,0.2018181818181818,0.6227429498884155,0.6995399079815963,0.6
Dylan Patterson,0.0,0.4527272727272727,0.9410630959626699,0.3956791358271654,0.8
Lisa Foster,0.3829787234042553,0.24,0.5539663217691215,0.7545509101820365,0.4
Jesse Gordon,0.1702127659574468,0.6127272727272727,0.7044025157232704,0.24384876975395078,0.6
Mark Wood,0.40425531914893614,0.18,0.18025968756340027,0.6835367073414683,0.6
Matthew Smith,0.0851063829787234,0.6545454545454545,0.8337390951511463,0.7751550310062012,0.6
Pamela Brown,0.723404255319149,0.17272727272727273,0.835362142422398,0.5503100620124025,0.4
John Gallagher,0.2765957446808511,0.4072727272727273,0.5690809494826536,0.745749149829966,0.6
Anna Wells,0.48936170212765956,0.5272727272727272,0.062284439034286876,0.026805361072214443,0.2
Kristi Fowler,0.8085106382978723,0.6090909090909091,0.5800365185636032,0.26205241048209643,0.8
Jessica Price,0.7872340425531915,0.7254545454545455,0.19202678027997566,0.3632726545309062,0.2
Devon George,0.6170212765957447,0.10181818181818182,0.27094745384459323,0.015203040608121624,0.4
Renee Klein,0.46808510638297873,0.48363636363636364,0.8530127814972611,0.5407081416283257,0.0
John Reed,0.3191489361702128,0.44727272727272727,0.7879894501927369,0.5003000600120024,0.8
Donald Holmes,0.723404255319149,0.4127272727272727,0.5203895313451005,0.2440488097619524,0.8
Christopher Guerrero,0.9787234042553191,0.9854545454545455,0.1746804625684723,0.616123224644929,0.8
James Horn,0.6170212765957447,0.20545454545454545,0.6166565226212214,0.7745549109821964,0.2
Kyle Cruz,0.723404255319149,0.3527272727272727,0.19415702982349362,0.9047809561912382,0.0
Terry Reed,0.2765957446808511,0.08,0.32937715560965714,0.6983396679335867,0.4
Hannah Taylor,0.7659574468085106,0.2690909090909091,0.2851491174680463,0.9449889977995599,0.2
Robert Thompson,0.2553191489361702,0.03272727272727273,0.05102454858997768,0.0,1.0
Mark Vargas,0.3191489361702128,0.7436363636363637,0.12761209170217083,0.5947189437887578,0.4
April Melton,0.425531914893617,0.04727272727272727,0.46804625684723067,0.9463892778555711,0.4
Angela Holt,0.3191489361702128,0.4,0.40586325826739705,0.32606521304260855,0.6
Courtney Watson,0.1276595744680851,0.5490909090909091,0.36792452830188677,0.36967393478695737,0.0
Jessica Murray,0.3191489361702128,0.5836363636363636,0.6560154189490769,0.34946989397879574,0.0
Nicole Mclean,1.0,0.6418181818181818,0.834043416514506,0.5747149429885977,0.6
David Wagner,0.23404255319148937,0.62,0.31811726516534794,0.009601920384076815,0.6
Destiny Velez,0.1702127659574468,0.3472727272727273,0.7101846216271049,0.03960792158431686,1.0
Rhonda Stanley,0.19148936170212766,0.9290909090909091,0.5053763440860215,0.9117823564712942,0.2
Emily Cross,0.40425531914893614,0.5345454545454545,0.9842767295597484,0.5273054610922184,1.0
Cody Foster,0.851063829787234,0.5109090909090909,0.6537837289511057,0.033806761352270454,0.4
Carol Evans,0.1276595744680851,0.08,0.23097991479001825,0.08361672334466894,0.2
Joshua Davila,0.3829787234042553,0.0,0.487117062284439,0.49229845969193836,0.2
Michelle Bailey,0.8723404255319149,0.8181818181818182,0.5439237167782511,0.6625325065013002,0.4
Miguel Smith,0.3404255319148936,0.5563636363636364,0.2342260093325218,0.4916983396679336,0.4
Mario Guerrero,0.9148936170212766,0.21454545454545454,0.5476770135930209,0.6277255451090218,1.0
Bethany Rasmussen,0.0,0.2909090909090909,0.1743761412051126,0.9357871574314863,0.8
Anthony Giles,0.2978723404255319,0.5727272727272728,0.7082572529924934,0.9915983196639327,0.8
Joshua Thornton,0.0,0.98,0.781598701562183,0.27165433086617324,0.0
Chase Cherry,0.9787234042553191,0.4381818181818182,0.826739703793873,0.22424484896979396,0.0
Patrick Glenn,0.9361702127659575,0.3054545454545455,0.4435991073240008,0.485497099419884,1.0
Jonathan Carter,0.5106382978723404,0.08363636363636363,0.635828768512883,0.16103220644128827,0.6
Virginia Garcia,0.0425531914893617,0.45454545454545453,0.7552241834043416,0.03840768153630726,0.2
Ann Campos,0.5106382978723404,0.28909090909090907,0.9253398255224183,0.2638527705541108,1.0
Joseph Bartlett,0.2127659574468085,0.7454545454545455,0.8928788800973828,0.7783556711342269,0.2
Kathryn Rodriguez,0.3617021276595745,0.9054545454545454,0.8083789815378373,0.7951590318063613,1.0
Alicia Brown,0.3404255319148936,0.38181818181818183,0.3180158247108947,0.008401680336067214,0.8
Charles Parker,0.6808510638297872,0.06363636363636363,0.1379590180564009,0.08181636327265453,0.2
Melinda Mcmillan,0.7872340425531915,0.13272727272727272,0.7355447352404139,0.025805161032206442,0.8
Michael Sweeney,0.8297872340425532,0.8272727272727273,0.11442483262325015,0.16463292658531706,0.8
Grant Goodman,0.3617021276595745,0.023636363636363636,0.9605396632176912,0.017603520704140826,0.4
Alex Knight,0.6595744680851063,0.5145454545454545,0.700344897545141,0.7707541508301661,1.0
Elizabeth Lawson,0.2127659574468085,0.06545454545454546,0.5156218299857983,0.3770754150830166,0.0
Matthew Bennett,0.46808510638297873,0.49818181818181817,0.16473929803205517,0.5913182636527305,0.0
Peter Reed,0.8297872340425532,0.6218181818181818,0.7038953134510043,0.16483296659331867,0.8
Rhonda Brown,0.5531914893617021,0.36727272727272725,0.7612091702170826,0.4558911782356471,0.6
Steven Leonard,0.851063829787234,0.8818181818181818,0.30411848245080136,0.792758551710342,0.0
Christine Clayton,0.14893617021276595,0.9236363636363636,0.5190708054372084,0.20704140828165632,0.2
Stacy Davidson,0.8936170212765957,0.56,0.3730979914790018,0.45629125825165034,0.8
Mariah Nichols,0.8936170212765957,0.8109090909090909,0.9459322377764252,0.707741548309662,0.0
Tina Stewart,0.8723404255319149,0.7509090909090909,0.47443700547778456,0.8963792758551711,0.8
Elizabeth Mitchell,0.3617021276595745,0.7672727272727272,0.49107324000811525,0.1898379675935187,0.2
David Krueger,0.9574468085106383,0.6581818181818182,0.8254209778859809,0.2594518903780756,0.4
Abigail Williams,0.44680851063829785,0.44363636363636366,0.3769527287482248,0.15503100620124025,0.8
Matthew Webb,0.0851063829787234,0.25272727272727274,0.5781091499289917,0.6987397479495899,1.0
John Russell,0.2127659574468085,0.06,0.490971799553662,0.7485497099419884,0.0
Debra Mclaughlin,0.2127659574468085,0.3781818181818182,0.4561777236762021,0.22104420884176834,0.4
Ronald Mccarthy,0.7021276595744681,0.7418181818181818,0.05001014404544532,0.3912782556511302,0.6
Brandi Gilbert,0.9148936170212766,0.05818181818181818,0.970785149117468,0.7835567113422685,0.0
Denise Berry,0.6595744680851063,0.7236363636363636,0.5611685940353013,0.3320664132826565,1.0
Michael Stevens,0.8297872340425532,0.11818181818181818,0.3922702373706634,0.4604920984196839,1.0
Thomas Phillips,0.8297872340425532,0.09636363636363636,0.310407790626902,0.47529505901180236,0.6
Scott Thompson,0.6595744680851063,0.38545454545454544,0.1932440657334145,0.47549509901980397,0.4
Brianna Williams,0.9148936170212766,0.54,0.8451004260499086,0.3406681336267253,1.0
Mr. Paul Lowery,0.2978723404255319,0.4090909090909091,0.9425847027794685,0.3760752150430086,1.0
Bryan Jackson,0.425531914893617,0.5545454545454546,0.17265165347940759,0.9145829165833167,0.8
Emily Gomez,0.9148936170212766,0.5563636363636364,0.678433759383242,0.7699539907981596,0.2
Elizabeth Blackburn,0.8085106382978723,0.9709090909090909,0.7296611888821262,0.7283456691338268,0.0
Carrie Barajas,0.2765957446808511,0.9763636363636363,0.10042604990870359,0.6147229445889177,0.2
Joshua Merritt,0.9361702127659575,0.6727272727272727,0.515013187259079,0.047209441888377675,1.0
Greg Mason,0.7021276595744681,0.02727272727272727,0.34915804422803814,0.8855771154230846,0.8
Sharon Roy,0.8297872340425532,0.11454545454545455,0.7517752079529316,0.7803560712142429,1.0
Claire Evans,0.5531914893617021,0.9727272727272728,0.45587340231284235,0.04700940188037608,1.0
Andrea Hansen,0.7446808510638298,0.58,0.47717589774802194,0.17963592718543708,0.6
Donald Nelson,0.2978723404255319,0.01818181818181818,0.026678839521201054,0.3108621724344869,1.0
Kimberly Mcgee,0.6382978723404256,0.8854545454545455,0.7340231284236154,0.6025205041008201,0.6
Samuel Roy,0.3829787234042553,0.6545454545454545,0.4240210996145263,0.7667533506701341,0.6
Kimberly Mccarthy,0.6595744680851063,0.24363636363636362,0.4061675796307567,0.8735747149429886,1.0
Todd Mercado,0.8936170212765957,0.46545454545454545,0.30908906471900993,0.3530706141228246,0.8
Jodi Jones,0.5531914893617021,0.6727272727272727,0.36072225603570707,0.6053210642128426,0.8
Miss Meghan Ball,0.2553191489361702,0.4509090909090909,0.653885169405559,0.7625525105021004,0.6
Robyn Andrews,0.0425531914893617,0.4072727272727273,0.6346114830594441,0.35827165433086616,0.0
Gregory Green,0.3829787234042553,0.16727272727272727,0.8792858592006492,0.9397879575915183,0.4
Victor Davis,0.723404255319149,0.6909090909090909,0.2882937715560966,0.5693138627725545,0.8
Nathan Lopez,0.6170212765957447,0.4618181818181818,0.8417528910529519,0.1902380476095219,0.0
Angela Pierce,0.46808510638297873,0.8163636363636364,0.18776628119293975,0.8939787957591518,0.0
Joshua Moore,0.14893617021276595,0.4581818181818182,0.9181375532562386,0.8563712742548509,0.8
Jeremy Gill,0.7021276595744681,0.45454545454545453,0.8347534996956787,0.5775155031006202,1.0
Steven Phillips,0.2127659574468085,0.7727272727272727,0.9942178940961656,0.20764152830566113,0.4
Scott Osborne,0.14893617021276595,0.7381818181818182,0.8242036924325421,0.3218643728745749,0.2
Nicole Mayer,0.7872340425531915,0.8072727272727273,0.7878880097382837,0.6635327065413082,1.0
Gregory Long,0.7021276595744681,0.6727272727272727,0.24142828159870156,0.5439087817563513,0.8
Kenneth Fisher,0.46808510638297873,0.08727272727272728,0.6929397443700548,0.3680736147229446,0.4
Linda Walker,0.5106382978723404,0.86,0.643132481233516,0.5985197039407881,0.0
Henry Kelley,0.9361702127659575,0.5418181818181819,0.3548387096774194,0.17383476695339067,0.6
Dylan Smith,0.6595744680851063,0.9236363636363636,0.3886183810103469,0.5047009401880376,0.2
Debra Schmidt,0.40425531914893614,1.0,0.8101034692635423,0.543508701740348,0.2
Troy Howard,0.2127659574468085,0.7381818181818182,0.6511462771353216,0.46569313862772554,0.0
Dawn Hopkins,0.5531914893617021,0.10909090909090909,0.23889227023737067,0.9807961592318464,1.0
Joy Wu,0.23404255319148937,0.07090909090909091,0.08115236356258876,0.17283456691338267,0.0
Matthew Martinez,0.0425531914893617,0.40545454545454546,0.751065124771759,0.540508101620324,1.0
John Mendez,0.5106382978723404,0.24909090909090909,0.8252180969770745,0.9757951590318064,1.0
Richard Lindsey,0.8085106382978723,0.7545454545454545,0.38415500101440453,0.3098619723944789,0.0
Lisa Jones,0.8936170212765957,0.09636363636363636,0.7565429093122337,0.5287057411482297,0.0
Justin Munoz,0.2978723404255319,0.17272727272727273,0.5010144045445324,0.4376875375075015,0.6
Jasmine Caldwell,0.1702127659574468,0.45454545454545453,0.6157435585311423,0.4718943788757752,0.2
William Patel,0.574468085106383,0.5654545454545454,0.4008926759991885,0.03080616123224645,1.0
Nicole Knox,0.7659574468085106,0.5418181818181819,0.7706431324812335,0.11542308461692338,0.8
Mr. Kyle Casey,0.9361702127659575,0.10727272727272727,0.39470480827754106,0.5433086617323465,0.4
Steven Jacobs,0.8297872340425532,0.8636363636363636,0.9901602759180361,0.1254250850170034,1.0
Drew Wilson,0.0851063829787234,0.5563636363636364,0.4057618178129438,0.17283456691338267,0.6
Randy Mitchell,0.2127659574468085,0.37272727272727274,0.5397646581456685,0.7183436687337468,0.6
Jenna Moore,0.7021276595744681,0.42727272727272725,0.3238993710691824,0.042008401680336066,0.8
Paul Owens,0.9787234042553191,0.8127272727272727,0.6364374112396024,0.7835567113422685,0.8
Jonathon Erickson,0.7446808510638298,0.03636363636363636,0.9490768918644755,0.5963192638527706,0.2
Mrs. Danielle Mccormick,0.8085106382978723,0.9709090909090909,0.2861635220125786,0.11202240448089618,0.2
Daisy Smith,0.3404255319148936,0.44545454545454544,0.2448772570501116,0.9509901980396079,0.8
Paul Hunt,1.0,0.52,0.0643132481233516,0.5485097019403881,0.6
Kristina Williams,0.7872340425531915,0.38727272727272727,0.37167782511665653,0.48069613922784554,0.0
Carol Miller,0.5106382978723404,0.48,0.45840941367417326,0.4254850970194039,0.8
Terry Allen,0.2765957446808511,0.7981818181818182,0.7969162101846217,0.7687537507501501,0.2
David Duke,0.0,0.12,0.45810509231081353,0.9831966393278656,0.6
Nathan Bailey,0.7021276595744681,0.06181818181818182,0.1441468857780483,0.3854770954190838,0.8
Karen Bowman,0.7446808510638298,0.4018181818181818,0.4847839318320146,0.8987797559511902,0.4
Anthony Owen,0.425531914893617,0.5745454545454546,0.23564617569486712,0.21104220844168833,0.6
Keith Costa,0.8297872340425532,0.9690909090909091,0.6214242239805234,0.4546909381876375,0.8
Renee Evans,0.0425531914893617,0.6290909090909091,0.9770744572935687,0.657131426285257,0.0
Matthew Willis,0.19148936170212766,0.012727272727272728,0.828464191519578,0.5127025405081016,1.0
Tiffany Stephens,1.0,0.5872727272727273,0.8226820856157435,0.6479295859171834,0.4
Kendra Mason,0.5106382978723404,0.17272727272727273,0.5248529113410428,0.6995399079815963,1.0
Regina Reyes,0.1276595744680851,1.0,0.6969973625481842,0.6951390278055611,0.6
Lauren Guzman,0.06382978723404255,0.4618181818181818,0.44714952322986407,0.7361472294458892,0.8
Nicole Kane,0.425531914893617,0.4218181818181818,0.7044025157232704,0.41448289657931586,0.0
David Klein,0.5319148936170213,0.24181818181818182,0.6829985798336377,0.7969593918783757,0.4
Sarah Patton,0.2765957446808511,0.9872727272727273,0.2299655102454859,0.7309461892378476,0.2
Mary Lynn,0.2553191489361702,0.8454545454545455,0.35707039967539056,0.6137227445489097,0.0
Matthew Hartman,0.2553191489361702,0.2781818181818182,0.058734023128423615,0.757751550310062,0.4
Richard Hernandez,0.851063829787234,0.5309090909090909,0.45303306958815176,0.4434886977395479,0.2
Robert Montgomery,0.6808510638297872,0.9036363636363637,0.05995130858186245,0.22484496899379877,1.0
Rebekah Daniels,0.3191489361702128,0.44727272727272727,0.9318320146074255,0.9217843568713743,0.4
Nancy Larson,0.9148936170212766,0.1290909090909091,0.3036112801785352,0.3822764552910582,0.6
Jacob Escobar,0.2765957446808511,0.5890909090909091,0.022621221343071617,0.4416883376675335,1.0
Joseph Duke,0.8723404255319149,0.4890909090909091,0.2872793670115642,0.2626525305061012,0.8
Anita House,0.574468085106383,0.8327272727272728,0.029924934063704604,0.4356871374274855,0.2
David Miller,0.19148936170212766,0.41818181818181815,0.8836477987421384,0.1842368473694739,0.8
Joshua Schultz,0.48936170212765956,0.2727272727272727,0.8493609251369446,0.8913782756551311,0.4
Adam Baker,0.40425531914893614,0.0890909090909091,0.7546155406776223,0.8601720344068814,1.0
Melissa Parker,0.48936170212765956,0.8127272727272727,0.7151552038953134,0.7069413882776555,0.0
Robert Caldwell,0.8936170212765957,0.5709090909090909,0.17163724893487523,0.4736947389477896,0.6
Kenneth Allen,0.851063829787234,0.6418181818181818,0.8361736660580239,0.9349869973994799,0.6
Tammy Wagner,0.2127659574468085,0.9181818181818182,0.5780077094745385,0.3424684936987398,0.4
Nathan Alvarado,0.5957446808510638,0.9254545454545454,0.16291336985189694,0.9607921584316863,1.0
Mitchell Harvey,0.3617021276595745,0.007272727272727273,0.0894704808277541,0.13522704540908181,1.0
Leslie Fisher,0.6808510638297872,0.22363636363636363,0.12598904443091904,0.8235647129425885,1.0
Keith Rodriguez,0.2765957446808511,0.1781818181818182,0.49766686954757555,0.6403280656131226,0.0
Taylor Rivera,0.5957446808510638,0.6545454545454545,0.28119293974437004,0.22304460892178435,0.4
John White,0.9574468085106383,0.7,0.717995536620004,0.4968993798759752,0.8
Timothy Beasley,0.7021276595744681,0.8381818181818181,0.37177926557110974,0.09561912382476495,1.0
John Chavez Jr.,0.2127659574468085,0.12181818181818181,0.2802799756542909,0.36587317463492697,0.6
Jose Fisher,0.2553191489361702,0.056363636363636366,0.5145059849868128,0.7385477095419084,0.6
Angela Evans DDS,0.3191489361702128,0.2690909090909091,0.6863461148305945,0.1854370874174835,0.2
Michael Alexander,0.2553191489361702,0.3927272727272727,0.6381618989653074,0.024204840968193638,0.6
Sylvia Schroeder,0.8723404255319149,0.11636363636363636,0.7826131061067153,0.9501900380076015,0.2
Melissa Butler,0.2978723404255319,0.13272727272727272,0.7716575370257659,0.7253450690138028,1.0
Shannon Mcguire,0.2978723404255319,0.20909090909090908,0.9642929600324609,0.16223244648929785,0.2
Andrew Henry,0.06382978723404255,0.2672727272727273,0.6252789612497464,0.035007001400280055,0.6
Rebekah Norton,0.3191489361702128,0.6127272727272727,0.2028809089064719,0.2514502900580116,0.0
Natasha Cummings,0.574468085106383,0.6236363636363637,0.9852911341042808,0.6385277055411083,0.0
Beth Zamora,0.6595744680851063,0.5545454545454546,0.4031243659971597,0.8659731946389277,0.0
Christopher Meza,0.10638297872340426,0.04363636363636364,0.236457699330493,0.3424684936987398,0.6
Samantha Kline,0.723404255319149,0.21454545454545454,0.9753499695678637,0.060012002400480095,0.8
Suzanne Roy,0.6595744680851063,0.5527272727272727,0.08044228038141611,0.9279855971194239,0.4
Steven Smith,0.10638297872340426,0.84,0.2401095556908095,0.9817963592718544,0.6
Jennifer Gomez,0.6808510638297872,0.44363636363636366,0.4598295800365186,0.09261852370474095,0.8
Jordan Harris,0.14893617021276595,0.4890909090909091,0.3583891255832826,0.38487697539507904,0.0
Kathleen Reeves,0.3617021276595745,0.5127272727272727,0.8552444714952323,0.3606721344268854,0.2
Mr. Duane Montes,0.0425531914893617,0.43636363636363634,0.5373300872387908,0.9983996799359872,0.8
Raymond Garza,0.0,0.4509090909090909,0.5521403935889633,0.9137827565513102,0.0
Raymond Buckley,0.9574468085106383,0.7363636363636363,0.308683302901197,0.4576915383076615,0.0
Taylor Shelton Jr.,0.06382978723404255,0.46545454545454545,0.8808074660174477,0.2730546109221844,1.0
Theresa Torres,0.3404255319148936,0.9145454545454546,0.3209575978900385,0.7881576315263052,0.8
Miss Laura Garner,0.8723404255319149,0.6327272727272727,0.06380604585108542,0.9525905181036207,0.2
Amanda Wong,0.10638297872340426,0.3563636363636364,0.3310002028809089,0.19243848769753952,0.8
Mark Rogers,0.23404255319148937,0.7436363636363637,0.4198620409819436,0.7133426685337068,0.4
Michelle Thompson,0.6170212765957447,0.7054545454545454,0.4561777236762021,0.035607121424284856,1.0
Ashley Nolan,0.06382978723404255,0.13454545454545455,0.9747413268411442,0.7697539507901581,0.2
Alejandra Wilson,0.14893617021276595,0.4527272727272727,0.7438628525055793,0.3124624924984997,0.0
Christie Bowman,0.8085106382978723,0.2781818181818182,0.3489551633191317,0.966993398679736,0.0
Justin Olson,0.6808510638297872,0.49272727272727274,0.3054372083586934,0.9653930786157231,0.2
Sabrina Hodge,0.7659574468085106,0.31272727272727274,0.5133901399878271,0.7473494698939788,0.6
Tom Kennedy,0.46808510638297873,0.78,0.9769730168391154,0.5865173034606921,0.4
Judy Williams,0.8723404255319149,0.3109090909090909,0.6316697098803002,0.3652730546109222,0.4
Raymond Brown,0.23404255319148937,0.7218181818181818,0.7796713329275715,0.5433086617323465,0.2
Sheena Dean,0.3404255319148936,0.6890909090909091,0.4168188273483465,0.12922584516903382,0.8
Colleen Carter,0.723404255319149,0.10181818181818182,0.8270440251572327,0.5691138227645529,0.6
Donald Silva,0.5531914893617021,0.8654545454545455,0.8229864069791033,0.19923984796959393,0.8
Helen Jackson,0.723404255319149,0.48,1.0,1.0,0.2
Derrick Lyons,0.46808510638297873,0.40545454545454546,0.16595658348549402,0.8455691138227646,0.8
Matthew Butler,0.19148936170212766,0.9654545454545455,0.35392574558734025,0.7855571114222845,0.2
Jessica Conner,0.9148936170212766,0.3018181818181818,0.218401298437817,0.053610722144428885,0.8
Chloe Golden,0.10638297872340426,0.8290909090909091,0.6807668898356665,0.5033006601320265,0.2
Anita Lynch,0.14893617021276595,0.04181818181818182,0.21576384662203288,0.4624924984996999,1.0
James Friedman,0.3191489361702128,0.24727272727272728,0.16798539257455875,0.5693138627725545,0.0
Randy Barker,0.46808510638297873,0.990909090909091,0.48427672955974843,0.7033406681336267,0.6
Edward Walker,0.3191489361702128,0.2509090909090909,0.8612294583079733,0.16803360672134426,1.0
Michael Wilson,0.7446808510638298,0.8545454545454545,0.3552444714952323,0.8677735547109422,0.0
Betty Butler,0.0851063829787234,0.6472727272727272,0.575674579022114,0.6861372274454891,1.0
Kenneth Hendricks,0.7872340425531915,0.5345454545454545,0.566646378575776,0.14022804560912183,0.8
Danielle Johnson,0.44680851063829785,0.37272727272727274,0.631568269425847,0.8121624324864973,0.2
Juan Hardy,0.23404255319148937,0.6545454545454545,0.6324812335159261,0.5151030206041208,0.8
Joshua Edwards,0.2127659574468085,0.9872727272727273,0.6454656116859403,0.17023404680936188,0.2
Randall Graves,0.8936170212765957,0.05090909090909091,0.6302495435179549,0.30306061212242447,1.0
Cody Golden,0.6170212765957447,0.2018181818181818,0.918746195982958,0.8641728345669134,0.2
Stephanie Copeland,0.6382978723404256,0.9054545454545454,0.5954554676404951,0.7829565913182637,0.0
Brandon Price,0.723404255319149,0.6218181818181818,0.17214445120714142,0.6797359471894379,1.0
Matthew Hernandez,0.0,0.8163636363636364,0.9658145668492595,0.6071214242848569,0.6
Ashley Rivera,0.2978723404255319,0.025454545454545455,0.6714343680259688,0.6765353070614123,1.0
Patricia Snyder,0.723404255319149,0.5509090909090909,0.14516129032258066,0.8537707541508301,0.8
Margaret Olsen,0.8936170212765957,0.3381818181818182,0.8258267397037938,0.21384276855371073,0.0
James Castillo,0.9361702127659575,0.49818181818181817,0.5744572935686751,0.9483896779355871,0.0
Jordan Gay,0.48936170212765956,0.01818181818181818,0.8109149928991682,0.33086617323464695,0.6
Nicholas Munoz,0.8723404255319149,0.21454545454545454,0.45587340231284235,0.7247449489897979,0.6
Michael Willis,0.7659574468085106,0.21272727272727274,0.49543517954960437,0.7979595919183837,0.8
Todd Jackson,0.0425531914893617,0.3018181818181818,0.501724487725705,0.9353870774154831,0.8
Kimberly Morgan,0.02127659574468085,0.2109090909090909,0.16636234530330696,0.6863372674534907,0.6
John Foster,0.2553191489361702,0.4163636363636364,0.6670724284844796,0.9171834366873375,0.2
Jason Hartman,0.10638297872340426,0.09636363636363636,0.0,0.9923984796959392,0.8
Corey Shelton,0.46808510638297873,0.5818181818181818,0.5798336376546966,0.6865373074614923,0.4
Mark Ross,0.46808510638297873,0.5545454545454546,0.34317305741529724,0.22324464892978596,0.4
Matthew Williams,1.0,0.4290909090909091,0.8531142219517144,0.052410482096419284,0.6
Jason Fernandez,0.7872340425531915,0.9963636363636363,0.2711503347534997,0.23304660932186438,1.0
Angela Smith,0.574468085106383,0.24363636363636362,0.45952525867315885,0.49529905981196237,0.4
Lorraine Avila,0.7872340425531915,0.74,0.2116047879894502,0.9977995599119824,0.0
Steven Johnson,0.46808510638297873,0.25272727272727274,0.7229661188882126,0.7743548709741949,0.2
John Kelly,0.44680851063829785,0.17272727272727273,0.7158652870764861,0.4146829365873175,0.4
Jonathan Herrera,0.44680851063829785,0.3145454545454546,0.9087035909920876,0.0654130826165233,0.4
Danielle Mccullough,0.5106382978723404,0.12,0.5888618381010347,0.9007801560312062,1.0
Sarah Hood,0.723404255319149,0.1509090909090909,0.9002840332724691,0.03800760152030406,0.2
Kevin Rojas,0.2765957446808511,0.00909090909090909,0.06928383039156015,0.014402880576115223,0.6
Johnny Gilmore,0.7872340425531915,0.8854545454545455,0.3335362142422398,0.1856371274254851,0.0
Mary Dickerson,0.9361702127659575,0.2872727272727273,0.8986609860012172,0.9533906781356272,1.0
Jeffrey Matthews,0.2765957446808511,0.3018181818181818,0.12852505579224996,0.4978995799159832,0.4
Joe Cooke,0.9361702127659575,0.8127272727272727,0.5642118076688983,0.8341668333666733,0.6
Amy Monroe,0.1276595744680851,0.9345454545454546,0.5535605599513086,0.7455491098219644,0.6
Matthew Walker,1.0,0.9672727272727273,0.7424426861432339,0.10342068413682737,0.0
Emily Norris,0.8085106382978723,0.2672727272727273,0.49695678636640295,0.9169833966793358,0.6
Kevin Thomas,0.1276595744680851,0.44727272727272727,0.37644552647595864,0.8417683536707341,0.2
Nathaniel Gill,0.7446808510638298,0.038181818181818185,0.4917833231892879,0.4212842568513703,1.0
Christopher Figueroa,0.6382978723404256,0.16727272727272727,0.9379184418746196,0.9803960792158432,0.8
Rebecca Dickerson,0.40425531914893614,0.5872727272727273,0.24061675796307566,0.5969193838767753,0.0
Mary White,0.9361702127659575,0.09090909090909091,0.36041793467234734,0.6753350670134027,0.8
Cynthia Jones,0.6382978723404256,0.7654545454545455,0.769527287482248,0.3692738547709542,0.6
Daniel Jones,0.6170212765957447,0.09818181818181818,0.5239399472509637,0.46009201840368075,0.2
Alicia Tran,0.1702127659574468,0.19090909090909092,0.6698113207547169,0.909381876375275,0.2
Joshua Delacruz III,0.3191489361702128,0.37454545454545457,0.11270034489754514,0.8337667533506702,0.6
John Foster,0.19148936170212766,0.9709090909090909,0.1580442280381416,0.7285457091418284,0.6
Shannon Stevens,0.723404255319149,0.8309090909090909,0.720531547981335,0.7849569913982797,0.8
Anthony Smith,0.3829787234042553,0.7818181818181819,0.9970582268208562,0.7313462692538508,0.8
Brenda Turner,0.44680851063829785,0.9618181818181818,0.2254006897950903,0.002000400080016003,0.4
Tammy Costa,0.7446808510638298,0.14727272727272728,0.12375735443294786,0.587117423484697,0.6
Anna Ferguson,0.19148936170212766,0.45454545454545453,0.13014810306350172,0.9935987197439488,0.4
Daniel Martinez,0.6382978723404256,0.9963636363636363,0.5508216676810712,0.353870774154831,0.0
Aaron Allen,0.2765957446808511,0.7472727272727273,0.44613511868533173,0.5653130626125225,0.0
Justin Garcia,0.19148936170212766,0.007272727272727273,0.7765266788395212,0.29145829165833165,0.0
Terry Phillips,0.3404255319148936,0.8927272727272727,0.6531750862243862,0.038207641528305664,0.8
Leah James,0.7872340425531915,0.27454545454545454,0.9824508013795902,0.46829365873174633,0.2
Cameron Burnett,0.9361702127659575,0.27636363636363637,0.18715763846622033,0.7651530306061213,0.4
Monica Rogers,0.6382978723404256,0.31272727272727274,0.48255224183404344,0.6945389077815564,0.8
David Robertson,0.3617021276595745,0.36727272727272725,0.9152972205315479,0.5773154630926185,0.8
John Neal,0.2127659574468085,0.3236363636363636,0.19649016027591804,0.7159431886377275,0.2
Emily Smith,0.9787234042553191,0.610909090909091,0.3518969364982755,0.5545109021804361,0.8
Dawn Young,0.48936170212765956,0.26,0.09484682491377561,0.9601920384076815,0.0
Sara Walton,0.02127659574468085,0.7872727272727272,0.7101846216271049,0.5107021404280856,0.4
Eugene Cook,0.2765957446808511,0.045454545454545456,0.08592006492189085,0.8349669933986797,1.0
Gina Rios,0.3404255319148936,0.007272727272727273,0.0029417731791438425,0.3188637727545509,0.6
Jesus Allison,0.5319148936170213,0.5236363636363637,0.43264353824305135,0.506501300260052,0.6
Derek Allen DDS,0.5106382978723404,0.2909090909090909,0.34925948468249135,0.7199439887977596,0.4
Sara Arroyo,0.2127659574468085,0.6036363636363636,0.15844998985595454,0.2626525305061012,0.6
John Phillips,0.1702127659574468,0.88,0.8694461351186853,0.5047009401880376,0.8
Daniel Blake,0.02127659574468085,0.4818181818181818,0.4265571109758572,0.10722144428885777,0.0
Patricia Scott,0.3829787234042553,0.8436363636363636,0.36163522012578614,0.7043408681736347,0.0
Christopher Dodson,0.14893617021276595,0.5181818181818182,0.24000811523635626,0.5667133426685337,0.4
Susan Jennings,0.14893617021276595,0.3181818181818182,0.9081963887198214,0.744748949789958,0.0
Michael Beard,0.7021276595744681,0.014545454545454545,0.054676404950294175,0.8625725145029006,1.0
Brian Rodriguez,1.0,0.4090909090909091,0.1309596266991276,0.7755551110222044,0.8
Brian Morgan,0.3404255319148936,0.5418181818181819,0.660377358490566,0.7053410682136427,0.8
Emily Knapp,0.6595744680851063,0.5527272727272727,0.18776628119293975,0.47149429885977195,1.0
Shelly Conner,0.9148936170212766,0.2,0.835362142422398,0.7009401880376075,0.4
Rebecca Marquez,0.2765957446808511,0.01818181818181818,0.7141407993507811,0.1866373274654931,0.6
Carrie Thomas,0.0,0.7436363636363637,0.21769121525664434,0.3046609321864373,0.4
Karen Thomas,0.19148936170212766,0.5490909090909091,0.1963887198214648,0.3902780556111222,0.8
Elizabeth Zuniga,0.6382978723404256,0.28,0.04270643132481233,0.040208041608321664,0.6
Cheyenne Thompson,0.0425531914893617,0.2381818181818182,0.10387502536011362,0.8035607121424285,0.6
Cheryl Baker,0.9574468085106383,0.82,0.9921890850071008,0.7675535107021404,1.0
Justin Webster,0.0,0.7454545454545455,0.839622641509434,0.8219643928785757,0.6
Kim Fisher,0.06382978723404255,0.9363636363636364,0.9823493609251369,0.8877775555111023,0.2
Brandon Moore,0.6382978723404256,0.6981818181818182,0.504767701359302,0.39547909581916385,1.0
Seth Snyder,0.9361702127659575,0.7818181818181819,0.6957800770947454,0.20964192838567713,0.8
Daniel Holland,0.9361702127659575,0.9418181818181818,0.20835869344694663,0.6205241048209642,0.0
Travis Campbell,0.5531914893617021,0.1,0.4371069182389937,0.45429085817163434,0.2
Douglas Christian,0.6382978723404256,0.3563636363636364,0.5668492594846825,0.4336867373474695,0.2
Jessica Golden,0.5957446808510638,0.6854545454545454,0.06157435585311422,0.47149429885977195,0.8
Lisa Lewis,0.574468085106383,0.5654545454545454,0.36295394603367825,0.14622924584916983,0.8
Angela Roth,0.9787234042553191,0.5618181818181818,0.45891661594643945,0.33726745349069814,1.0
Tamara Johnson,0.10638297872340426,0.9327272727272727,0.6179752485291135,0.9011802360472094,0.0
Elizabeth Jarvis,0.574468085106383,0.3181818181818182,0.8603164942178941,0.6851370274054811,0.4
Walter Jennings DDS,0.7872340425531915,0.2509090909090909,0.10752688172043011,0.3416683336667333,0.0
Paula Schultz,0.6382978723404256,0.6436363636363637,0.15449381213227836,0.4756951390278056,0.0
Kara Kelley,0.14893617021276595,0.13454545454545455,0.6251775207952932,0.6399279855971194,0.4
Angel Pena,0.5531914893617021,0.6727272727272727,0.17640495029417733,0.5161032206441288,0.0
Stephanie Guerra,1.0,0.10545454545454545,0.9117468046256847,0.7839567913582717,0.6
Mark Hobbs,0.46808510638297873,0.34,0.22550213024954352,0.09641928385677136,0.4
Denise Williams,0.10638297872340426,0.5963636363636363,0.7009535402718604,0.09461892378475695,1.0
Kimberly Lopez,0.7659574468085106,0.24909090909090909,0.8532156624061675,0.10942188437687538,1.0
David Gillespie,0.1702127659574468,0.509090909090909,0.004361939541489146,0.5289057811562312,0.6
Jeffrey Berger,0.9148936170212766,0.6090909090909091,0.7499492797727734,0.16883376675335068,0.2
Brian Wilson,0.6382978723404256,0.38545454545454544,0.16626090484885372,0.39347869573914784,1.0
Linda Clark,0.14893617021276595,0.1781818181818182,0.5799350781091499,0.5759151830366073,0.8
Christina Kim,0.7021276595744681,0.4127272727272727,0.06979103266382633,0.5993198639727946,1.0
Vincent Garrett,0.9361702127659575,0.34363636363636363,0.6884763643741124,0.7545509101820365,0.0
Amanda Barrett,0.1702127659574468,0.5654545454545454,0.6497261107729763,0.20484096819363873,0.0
John Nunez,0.6382978723404256,0.5781818181818181,0.04372083586934469,0.8179635927185437,0.2
Amy Smith,0.0,0.7363636363636363,0.8735037532968147,0.7697539507901581,0.4
Jacob Rodriguez,0.14893617021276595,0.05090909090909091,0.5817610062893082,0.5879175835167033,0.2
Jay Macias,0.9361702127659575,0.6290909090909091,0.9610468654899574,0.8369673934786958,0.4
Whitney Green,0.23404255319148937,0.7018181818181818,0.5732400081152363,0.08741748349669934,0.8
Stacey Santana,0.48936170212765956,0.11818181818181818,0.49218908500710085,0.6359271854370874,0.2
Jordan Tucker,0.7872340425531915,0.8672727272727273,0.7724690606613918,0.22284456891378276,0.2
Jeremy Sampson,0.3191489361702128,0.47454545454545455,0.737776425238385,0.378875775155031,0.0
Brandy Lopez,0.8936170212765957,0.6472727272727272,0.4613511868533171,0.4254850970194039,0.6
Gwendolyn Fisher,0.40425531914893614,0.2,0.5319537431527693,0.8949789957991598,0.6
Susan Novak,0.6382978723404256,0.850909090909091,0.4887401095556908,0.7799559911982397,0.0
Casey Obrien,0.7659574468085106,0.6563636363636364,0.9755528504767701,0.9863972794558912,1.0
Michael Becker,1.0,0.11272727272727273,0.44877257050111585,0.45989197839567914,0.2
Christine Delgado,0.8936170212765957,0.5436363636363636,0.06340028403327247,0.33266653330666135,1.0
Leslie Edwards,0.48936170212765956,0.9672727272727273,0.039967539054574966,0.4948989797959592,0.2
Leslie Hayes,0.9361702127659575,0.7672727272727272,0.26709271657537026,0.052210442088417686,0.8
Shawn Smith,0.9361702127659575,0.49454545454545457,0.012578616352201259,0.4568913782756551,0.4
Daniel Whitaker,0.9361702127659575,0.25272727272727274,0.2785554879285859,0.11142228445689138,0.4
David Salazar,0.2553191489361702,0.8945454545454545,0.4941164536417123,0.6385277055411083,1.0
Christopher Nelson,0.2553191489361702,0.6836363636363636,0.42138364779874216,0.1806361272254451,0.8
Deborah Hughes,0.8085106382978723,0.9236363636363636,0.7915398660986002,0.27725545109021804,0.4
Wendy Anderson,0.02127659574468085,0.10727272727272727,0.9278758368837492,0.4370874174834967,0.6
Todd Johnson,0.0851063829787234,0.7636363636363637,0.7231689997971191,0.5511102220444088,0.2
Victor Nguyen,0.06382978723404255,0.09272727272727273,0.44238182187056196,0.7235447089417884,1.0
Jill Vazquez,0.7446808510638298,0.8454545454545455,0.9392371677825117,0.6485297059411882,0.2
Wendy Hill,0.723404255319149,0.8,0.8481436396835058,0.027605521104220845,0.2
Brent Huff,0.9574468085106383,0.09636363636363636,0.5258673158855751,0.8875775155031006,0.2
Kara Duncan,0.9361702127659575,0.9418181818181818,0.15246500304321364,0.5475095019003801,1.0
Robin Harvey,0.10638297872340426,0.9818181818181818,0.6679853925745587,0.038807761552310464,0.6
Kevin Tucker,0.2553191489361702,0.09454545454545454,0.5896733617366606,0.40228045609121826,0.0
Sara Simmons DVM,0.5531914893617021,0.5127272727272727,0.05285047677013593,0.45249049809961994,0.4
Robert Moore,0.851063829787234,0.7127272727272728,0.5349969567863664,0.41448289657931586,1.0
William Hernandez,0.6808510638297872,0.8545454545454545,0.6070196794481639,0.8179635927185437,0.6
Edgar Leonard,0.0,0.4036363636363636,0.7365591397849462,0.06601320264052811,0.6
Cynthia Davis,0.40425531914893614,0.7436363636363637,0.2980320551836072,0.5543108621724345,0.6
Christopher Conway,0.14893617021276595,0.3563636363636364,0.48965307364576993,0.5121024204840968,0.6
Courtney Lowery,0.7021276595744681,0.68,0.5467640495029418,0.10982196439287857,0.2
Taylor Butler,0.2553191489361702,0.03090909090909091,0.05964698721850274,0.9857971594318864,0.8
Christina Conway,0.48936170212765956,0.5509090909090909,0.6035707039967539,0.3550710142028406,0.2
Julie Love,0.6808510638297872,0.8927272727272727,0.334043416514506,0.7139427885577115,0.2
Henry Elliott,0.5957446808510638,0.24,0.5464597281395821,0.9703940788157631,0.6
Jennifer Patrick,0.48936170212765956,0.1781818181818182,0.8046256847230676,0.9061812362472494,1.0
John Castro,0.3829787234042553,0.2,0.9202678027997565,0.9095819163832767,0.8
Julie Patton,0.425531914893617,0.8545454545454545,0.628119293974437,0.5973194638927786,0.6
Shawn King,0.425531914893617,0.7436363636363637,0.5893690403733008,0.32966593318663734,0.8
Nicole Davis,0.8723404255319149,0.5181818181818182,0.29448163927774396,0.03120624124824965,0.4
Michael Ross,0.851063829787234,0.9290909090909091,0.8862852505579225,0.09781956391278256,0.6
Kathleen Henderson MD,0.7872340425531915,0.19090909090909092,0.19872185027388922,0.6503300660132026,0.0
Matthew Lindsey,0.5531914893617021,0.9109090909090909,0.6588557516737675,0.11622324464892979,0.6
Tristan Terry,0.23404255319148937,0.9927272727272727,0.3495638060458511,0.22904580916183237,0.2
Leslie Hall,1.0,0.13272727272727272,0.717995536620004,0.24104820964192838,0.2
Dr. Michael Smith III,0.5531914893617021,0.32,0.6189896530736457,0.5997199439887978,0.8
Carol Johnson,0.8936170212765957,0.3,0.34611483059444104,0.34846969393878774,1.0
Charles Cantu,0.9148936170212766,0.9145454545454546,0.08226820856157435,0.10822164432886577,0.0
Leah Diaz,0.9574468085106383,0.8763636363636363,0.36792452830188677,0.47049409881976395,0.2
Rebecca Hernandez,0.48936170212765956,0.7236363636363636,0.0685737472103875,0.9593918783756752,0.6
Dustin Roberts,0.3191489361702128,0.29454545454545455,0.850375329681477,0.032406481296259254,0.2
Dennis Bell,0.10638297872340426,0.730909090909091,0.9059646987218503,0.036207241448289657,0.2
Alexandria Henderson,0.23404255319148937,0.21818181818181817,0.9321363359707852,0.7483496699339868,0.2
Nancy Thompson,0.2127659574468085,0.1781818181818182,0.9730168391154392,0.6209241848369674,0.4
Kelli Roberts,0.5106382978723404,0.04909090909090909,0.8605193751268005,0.14582916583316663,0.4
Justin Parks,0.10638297872340426,0.3618181818181818,0.8385067965104483,0.27465493098619725,0.6
Michael Koch,0.46808510638297873,0.30727272727272725,0.11696084398458105,0.6417283456691338,0.6
Sandra Freeman,0.425531914893617,0.07636363636363637,0.3002637451815784,0.6957391478295659,0.6
Anna Flowers,0.425531914893617,0.6763636363636364,0.13897342260093326,0.7813562712542509,0.6
Gina Collins,0.19148936170212766,0.45636363636363636,0.6037735849056604,0.2618523704740948,0.6
Danielle Christensen,0.2553191489361702,0.74,0.009636843173057415,0.6855371074214843,0.6
Tina Smith,0.5957446808510638,0.7981818181818182,0.8366808683302901,0.5541108221644329,0.8
John Merritt,0.425531914893617,0.0036363636363636364,0.46916210184621626,0.052410482096419284,0.4
Carly Rodriguez,0.5957446808510638,0.82,0.6355244471495233,0.7245449089817964,0.6
Deborah Reed,0.14893617021276595,0.44,0.5400689795090282,0.3026605321064213,0.6
Amy Fletcher,0.8723404255319149,0.4909090909090909,0.41773179143842565,0.3846769353870774,0.0
Ashley Wang DVM,0.5106382978723404,0.9981818181818182,0.9383242036924325,0.27385477095419086,0.2
Lisa Rios,0.40425531914893614,0.9236363636363636,0.13704605396632177,0.5129025805161033,0.4
Jason Hunt,0.2127659574468085,0.9527272727272728,0.44065733414485697,0.5481096219243848,0.6
Angela Hernandez,0.3829787234042553,0.3981818181818182,0.4008926759991885,0.20044008801760352,0.4
Robert Campbell,0.1276595744680851,0.4,0.08054372083586935,0.49249849969994,0.0
Nicole Chaney,0.5957446808510638,0.9890909090909091,0.9317305741529722,0.40968193638727746,0.8
Natalie Martin,0.02127659574468085,0.8345454545454546,0.47991479001825926,0.9917983596719344,0.4
Ashley Taylor,0.574468085106383,0.5145454545454545,0.5358084804219923,0.911382276455291,0.2
Evan Lamb,0.46808510638297873,0.15636363636363637,0.26283221748833435,0.4174834966993399,0.0
Jessica Parker,0.574468085106383,0.8672727272727273,0.20166362345303307,0.3482696539307862,0.6
Laura Li,0.8936170212765957,0.31636363636363635,0.47453844593223776,0.5685137027405481,1.0
Chris Garner,0.7659574468085106,0.8818181818181818,0.9302089673361736,0.4422884576915383,0.8
George James DDS,0.425531914893617,0.7927272727272727,0.6512477175897748,0.20864172834566913,1.0
Kimberly Bolton,0.9574468085106383,0.9290909090909091,0.0002028809089064719,0.8169633926785357,0.6
Michael Johnson,0.7021276595744681,0.9454545454545454,0.5388516940555894,0.021004200840168033,0.6
Brianna Nolan,0.5531914893617021,0.990909090909091,0.5525461554067762,0.6643328665733147,0.4
Melissa Sellers,0.7021276595744681,0.9981818181818182,0.6792452830188679,0.2458491698339668,0.4
Jenna Walker,0.06382978723404255,0.21818181818181817,0.16626090484885372,0.8821764352870574,0.0
Erica Padilla,0.46808510638297873,0.08363636363636363,0.8524041387705417,0.41248249649929986,1.0
Julie Brown,0.1276595744680851,0.08363636363636363,0.12203286670724285,0.15883176635327065,0.0
Jennifer Wilson,0.8297872340425532,0.8909090909090909,0.9539460336782308,0.07021404280856171,1.0
Jennifer Williams,0.8085106382978723,0.4709090909090909,0.5432136335970785,0.622124424884977,0.8
Richard Molina,0.574468085106383,0.14363636363636365,0.3564617569486711,0.19663932786557312,0.4
Catherine Brown,0.7446808510638298,0.49454545454545457,0.44664232095759787,0.8045609121824365,1.0
Mackenzie Castro,0.425531914893617,0.19818181818181818,0.3333333333333333,0.8711742348469694,0.8
Jessica Summers DDS,0.40425531914893614,0.6018181818181818,0.37877865692838303,0.3302660532106421,0.8
Gavin Newman PhD,0.3617021276595745,0.1690909090909091,0.9168188273483465,0.6665333066613323,0.0
Leah Rivers,0.7446808510638298,0.44363636363636366,0.06532765266788396,0.9961992398479695,0.4
Sarah Marshall,0.6595744680851063,0.07090909090909091,0.08480421992290525,0.5707141428285657,0.4
Emily Carter,0.9361702127659575,0.6054545454545455,0.821160478798945,0.6143228645729146,0.4
Christopher Gilbert,0.3191489361702128,0.28545454545454546,0.6106715358084804,0.9825965193038608,0.6
Michael Hart,0.2978723404255319,0.2109090909090909,0.905863258267397,0.7745549109821964,0.0
Eugene Castro,0.10638297872340426,0.3090909090909091,0.1955771961858389,0.9235847169433887,0.4
Mark Brown,0.10638297872340426,0.6036363636363636,0.4876242645567052,0.5969193838767753,0.4
Phillip Maynard,0.5531914893617021,0.6345454545454545,0.46480016230472715,0.993998799759952,0.0
Amber Williams,0.1276595744680851,0.007272727272727273,0.6596672753093934,0.08841768353670734,0.0
Christina Phillips,0.6595744680851063,0.11090909090909092,0.7978291742747008,0.79375875175035,1.0
Philip Fields,0.9148936170212766,0.7854545454545454,0.9828565631974031,0.6967393478695739,0.8
Margaret Williamson,0.723404255319149,0.3509090909090909,0.21535808480421992,0.05901180236047209,0.0
Annette Smith,0.851063829787234,0.14,0.43335362142422396,0.8933786757351471,0.4
Kenneth Mooney,0.02127659574468085,0.05272727272727273,0.21911138161898966,0.3706741348269654,1.0
Alyssa Lewis,0.10638297872340426,0.9072727272727272,0.31162507608034085,0.4446889377875575,1.0
Laurie Shaffer,0.9148936170212766,0.82,0.3157841347129235,0.9531906381276255,0.4
Kevin Robbins,0.46808510638297873,0.9927272727272727,0.07060255629945222,0.6425285057011402,0.2
Edwin Reese,0.851063829787234,0.46,0.21829985798336377,0.46789357871574316,0.2
Daniel Hamilton,0.2553191489361702,0.8109090909090909,0.8129438019882329,0.5845169033806762,0.4
Tammy Johns,0.9148936170212766,0.03636363636363636,0.7071414079935078,0.6577315463092619,1.0
Blake Stafford,0.8297872340425532,0.9181818181818182,0.13390139987827146,0.17443488697739548,1.0
Kimberly Harrell,0.5106382978723404,0.7763636363636364,0.6725502130249543,0.16743348669733946,0.0
Thomas Barnett MD,0.9148936170212766,0.45454545454545453,0.07719618583891256,0.3492698539707942,0.0
Tammy Baker,0.7446808510638298,0.38727272727272727,0.43487522824102254,0.7619523904780956,0.4
Olivia Rubio,0.5531914893617021,0.7672727272727272,0.7475147088658958,0.9179835967193438,0.4
Shelia Moon,0.48936170212765956,0.025454545454545455,0.6257861635220126,0.6257251450290058,0.8
Shannon Lewis,0.574468085106383,0.49636363636363634,0.4811320754716981,0.8351670334066813,0.6
Megan Garcia,0.5531914893617021,0.38181818181818183,0.1334956380604585,0.7757551510302061,0.0
Krista Burgess,0.425531914893617,0.31636363636363635,0.3012781497261108,0.7649529905981196,1.0
Michael Horn,0.3404255319148936,0.40545454545454546,0.9659160073037127,0.8529705941188238,0.6
Amanda Hawkins,0.9148936170212766,0.2309090909090909,0.9064719009941165,0.7875575115023005,0.0
Gabriela Jones MD,0.5106382978723404,0.34363636363636363,0.2732805842970176,0.1294258851770354,0.6
David Ferrell,0.8936170212765957,0.3527272727272727,0.7309799147900182,0.6277255451090218,1.0
David Gibson,0.425531914893617,0.82,0.8613308987624264,0.8229645929185837,0.2
Megan Johnson,0.7872340425531915,0.9054545454545454,0.8171028606208156,0.26625325065013,0.8
Felicia Bennett,0.1702127659574468,0.3327272727272727,0.37532968147697304,0.16983396679335866,0.2
Michael Maddox,0.1276595744680851,0.8781818181818182,0.4887401095556908,0.35547109421884376,1.0
Justin Hess,0.425531914893617,0.9436363636363636,0.7388922702373707,0.6877375475095019,0.8
Chelsey Wagner,0.723404255319149,0.2290909090909091,0.8850679651044837,0.49749949989998,1.0
Samantha Hughes,0.48936170212765956,0.5672727272727273,0.9921890850071008,0.3340668133626725,0.8
Scott Carroll,0.0,0.22727272727272727,0.5532562385879489,0.27465493098619725,0.4
John Stone,0.8723404255319149,0.025454545454545455,0.4340637046053966,0.6819363872774555,0.4
Jennifer Carter,0.0,0.6254545454545455,0.6442483262325015,0.6285257051410282,0.6
Colton Davis,0.5106382978723404,0.9472727272727273,0.926455670521404,0.03140628125625125,0.2
Maria Benjamin,0.574468085106383,0.34363636363636363,0.7926557110975857,0.05541108221644329,0.6
Alexis Lee,0.0,0.46545454545454545,0.5855143031040779,0.5599119823964793,0.2
Karen Gonzales,0.3404255319148936,0.3090909090909091,0.998275512274295,0.9531906381276255,0.8
Glenn Jackson,0.06382978723404255,0.13454545454545455,0.5385473726922296,0.2474494898979796,1.0
Mitchell Simmons,0.2127659574468085,0.88,0.1884763643741124,0.9427885577115424,0.0
William Brown,0.723404255319149,0.37454545454545457,0.5402718604179346,0.887377475495099,0.2
Justin Crawford,0.7446808510638298,0.8472727272727273,0.9571921282207344,0.28105621124224844,0.8
Kyle Gonzales,0.5957446808510638,0.06909090909090909,0.48265368228849664,0.8521704340868174,0.2
Mark Suarez,0.44680851063829785,0.8636363636363636,0.01227429498884155,0.9127825565113022,1.0
Teresa Medina,0.7446808510638298,0.9945454545454545,0.5013187259078921,0.0612122424484897,0.4
Amber Sparks,0.14893617021276595,0.62,0.02728748224792047,0.5541108221644329,0.0
Arthur Moss,0.0851063829787234,0.05090909090909091,0.8106106715358085,0.3198639727945589,0.2
Ashley Atkins DDS,0.3404255319148936,0.889090909090909,0.6582471089470481,0.9231846369273855,0.4
Joshua Smith,0.6595744680851063,0.13090909090909092,0.04382227632379793,0.5453090618123625,0.2
Jeremy Gordon,0.48936170212765956,0.7072727272727273,0.5111584499898559,0.583116623324665,0.2
Meghan Hunter,0.3191489361702128,0.5981818181818181,0.019679448163927773,0.2740548109621924,0.8
Kevin Alexander,0.06382978723404255,0.19090909090909092,0.8393183201460742,0.2470494098819764,0.4
Ashley Kidd,0.5531914893617021,0.3490909090909091,0.317711503347535,0.21224244848969795,0.8
Regina Taylor,0.5957446808510638,0.62,0.7768310002028809,0.7759551910382076,0.0
Jason Murphy,0.2765957446808511,0.0018181818181818182,0.11493203489551633,0.9893978795759152,1.0
Michael Burke,0.44680851063829785,0.7945454545454546,0.4526273077703388,0.38947789557911583,0.4
Daniel Warren,0.2765957446808511,0.04727272727272727,0.46966930411848246,0.4526905381076215,0.0
Anthony Todd,0.2978723404255319,0.6636363636363637,0.3292757151552039,0.4898979795959192,0.4
Jose Jones,0.6382978723404256,0.8981818181818182,0.6778251166565227,0.17223444688937786,0.6
Monica Nelson,0.5319148936170213,0.43272727272727274,0.0956583485494015,0.914382876575315,1.0
Tyrone Contreras,0.3404255319148936,0.10363636363636364,0.9383242036924325,0.9447889577915584,0.8
Loretta Kirk,0.2127659574468085,0.41818181818181815,0.09068776628119293,0.2948589717943589,0.4
Bradley Lewis,0.2765957446808511,0.005454545454545455,0.3166970988030026,0.17683536707341468,0.2
Kaitlin Richardson,0.0,0.2018181818181818,0.9623655913978495,0.02380476095219044,0.2
Mary Griffin,0.5531914893617021,0.5672727272727273,0.7315885575167377,0.6135227045409082,0.0
Amanda Hanna,0.5957446808510638,0.9527272727272728,0.9813349563806046,0.3338667733546709,1.0
Dwayne Alvarado,0.8936170212765957,0.6272727272727273,0.26080340839926963,0.6919383876775355,0.8
Sarah Evans,0.851063829787234,0.11636363636363636,0.6590586325826739,0.8777755551110222,0.8
Haley Long,0.1702127659574468,0.4309090909090909,0.8137553256238588,0.01920384076815363,0.6
Ashley Williams,0.2553191489361702,0.8036363636363636,0.07283424629742341,0.7345469093818764,1.0
Aaron Johnson,0.7021276595744681,0.8290909090909091,0.8112193142625279,0.38307661532306464,0.2
Micheal Wright,0.8085106382978723,0.7127272727272728,0.39409616555082166,0.11762352470494099,1.0
Tony Watson MD,0.3404255319148936,0.5945454545454546,0.1540880503144654,0.6185237047409482,0.0
Debra Clark,0.6808510638297872,0.44363636363636366,0.31842158652870767,0.46509301860372076,1.0
Charles Evans,0.5319148936170213,0.5036363636363637,0.1707242848447961,0.272254450890178,0.4
Christy Parker,0.723404255319149,0.5236363636363637,0.02678027997565429,0.4392878575715143,0.8
Danielle Becker,0.23404255319148937,0.42727272727272725,0.09738283627510651,0.27245449089817964,1.0
Jessica Owens,0.7021276595744681,0.8672727272727273,0.7520795293162913,0.23344668933786758,0.6
Tracy Smith,0.23404255319148937,0.4490909090909091,0.8717792655711097,0.25645129025805163,0.4
Cameron Brown,0.2978723404255319,0.7727272727272727,0.5967741935483871,0.6157231446289257,1.0
Kristin Brown,0.851063829787234,0.34545454545454546,0.08034083992696288,0.10102020404080816,0.4
William Cook,0.19148936170212766,0.2636363636363636,0.11209170217082573,0.11582316463292658,0.0
Alexander Donaldson,0.2127659574468085,0.9781818181818182,0.6701156421180767,0.3284656931386277,0.8
Scott Cannon,0.3829787234042553,0.92,0.6434368025968756,0.8341668333666733,0.0
Stephanie Ballard,0.2765957446808511,0.5672727272727273,0.48792858592006494,0.5297059411882377,0.0
Alexander Kelly,0.5957446808510638,0.52,0.14749442077500508,0.5765153030606122,0.4
Carla Mays,0.0425531914893617,0.21272727272727274,0.761817812943802,0.5081016203240648,0.6
Christina Bennett,0.0,0.1290909090909091,0.38506796510448366,0.3156631326265253,0.6
Angela Hughes,0.9361702127659575,0.5454545454545454,0.7075471698113207,0.531506301260252,0.6
Walter Norton,0.5106382978723404,0.32545454545454544,0.2187056198011767,0.11322264452890578,0.0
Kristen Buchanan,0.9787234042553191,0.9563636363636364,0.14090079123554475,0.46469293858771754,0.4
Dylan Rosales,0.8297872340425532,0.4381818181818182,0.014708865895719212,0.8747749549909982,0.0
Mark Ramirez,0.40425531914893614,0.769090909090909,0.03256238587948874,0.20724144828965793,0.8
Zachary Evans,0.2127659574468085,0.14181818181818182,0.4435991073240008,0.6757351470294058,0.4
Heather Zimmerman,0.5319148936170213,0.9872727272727273,0.40008115236356256,0.9927985597119424,1.0
Gary Griffin,0.40425531914893614,0.3018181818181818,0.4762629336579428,0.2488497699539908,1.0
Erica West,0.2978723404255319,0.9290909090909091,0.4206735646175695,0.26885377075415084,0.4
Michelle Brown,0.14893617021276595,0.3472727272727273,0.505173463177115,0.46989397879575917,0.0
Carl Watson,0.723404255319149,0.27454545454545454,0.3379995942381822,0.4378875775155031,0.4
Matthew Torres DVM,0.5957446808510638,0.9690909090909091,0.9706837086630148,0.5499099819963993,0.0
Brooke Richard,0.2765957446808511,0.22363636363636363,0.40535605599513086,0.1864372874574915,0.0
Anthony Combs,0.6382978723404256,0.43272727272727274,0.7699330493000609,0.8951790358071614,0.4
Seth Smith,0.7659574468085106,0.07090909090909091,0.7554270643132481,0.03280656131226245,0.2
Vanessa Payne,0.06382978723404255,0.2727272727272727,0.039358896327855546,0.5007001400280056,0.0
Diana Carter,0.574468085106383,0.7727272727272727,0.7465003043213634,0.4442888577715543,0.0
Krystal Jones,0.7872340425531915,0.2927272727272727,0.23290728342462974,0.7667533506701341,0.0
Amber Ramirez,0.6170212765957447,0.5672727272727273,0.37644552647595864,0.17863572714542908,0.0
Dr. Tony Reyes,0.3617021276595745,0.7636363636363637,0.2090687766281193,0.3774754950990198,0.0
Kyle Davis,0.0,0.3618181818181818,0.15621829985798336,0.03020604120824165,0.6
Raymond Graham,0.3191489361702128,0.7781818181818182,0.5154189490768919,0.755751150230046,0.8
John Sullivan,0.8723404255319149,0.29818181818181816,0.004057618178129438,0.5779155831166233,0.6
Angela Kim,0.2553191489361702,0.6636363636363637,0.7849462365591398,0.5311062212442489,0.0
Jennifer Giles,0.0,0.9618181818181818,0.6380604585108541,0.11062212442488498,0.0
Christopher Hansen,1.0,0.9090909090909091,0.42797727733820246,0.16023204640928185,0.4
Jon Gonzalez,0.8936170212765957,0.24363636363636362,0.08389125583282613,0.4268853770754151,0.0
Erin Robinson DVM,0.7446808510638298,0.8781818181818182,0.2386893893284642,0.16443288657731547,0.6
Michele Hinton,0.851063829787234,0.7927272727272727,0.8522012578616353,0.3150630126025205,0.0
Terry Harris,0.10638297872340426,0.76,0.5676607831203084,0.3762752550510102,0.0
Jason Goodwin,0.8936170212765957,0.04,0.7207344288902414,0.46849369873974794,0.6
Mrs. Deborah Murphy,0.40425531914893614,0.730909090909091,0.22499492797727733,0.7523504700940188,0.0
Kevin Castillo,0.8936170212765957,0.03090909090909091,0.012984378170014202,0.6693338667733547,0.4
James Gross,0.7872340425531915,0.9854545454545455,0.35656319740312437,0.3814762952590518,1.0
Danielle Olson,0.2127659574468085,0.6890909090909091,0.8797930614729154,0.5869173834766953,0.6
Amy Hunt,0.0,0.5509090909090909,0.15713126394806248,0.5949189837967593,0.8
Scott Mitchell,0.19148936170212766,0.17636363636363636,0.0635017244877257,0.8261652330466093,1.0
Daniel Rodriguez,0.44680851063829785,0.6672727272727272,0.6782308784743356,0.370874174834967,0.0
Heather Hughes,0.3829787234042553,0.22181818181818183,0.10255629945222154,0.39527905581116224,0.6
Matthew Bell,0.7446808510638298,0.9145454545454546,0.3585920064921891,0.9469893978795759,0.6
Christopher Mathis,0.8936170212765957,0.7509090909090909,0.8965307364576993,0.9075815163032607,0.6
Dr. Kevin Rodriguez,0.0425531914893617,0.12181818181818181,0.7134307161696084,0.32866573314662934,0.8
Amy Gonzalez,0.723404255319149,0.35454545454545455,0.5644146885778049,0.0616123224644929,0.2
Jennifer Combs,0.2127659574468085,0.5654545454545454,0.02475147088658957,0.4940988197639528,0.8
Catherine Norris,0.5531914893617021,0.13454545454545455,0.007202272266179753,0.2494498899779956,0.4
Nathan Flores,0.3829787234042553,0.4290909090909091,0.21170622844390344,0.5201040208041608,0.4
Anthony Macias,0.1702127659574468,0.32,0.6988232907283425,0.6991398279655932,0.4
Hannah Padilla,0.9361702127659575,0.7036363636363636,0.6480016230472713,0.28665733146629324,0.2
Anita Taylor,0.7021276595744681,0.36727272727272725,0.3397240819638872,0.6791358271654331,0.0
Dr. Kelsey Hicks,0.7021276595744681,0.9945454545454545,0.06989247311827956,0.7351470294058812,0.4
Elizabeth Morgan DVM,0.46808510638297873,0.8709090909090909,0.9246297423412457,0.03220644128825765,1.0
Carolyn Torres,0.5957446808510638,0.5818181818181818,0.8311016433353622,0.7411482296459292,0.4
Adam Ford,0.2978723404255319,0.7345454545454545,0.9370054777845405,0.8735747149429886,0.4
Jennifer Rogers,0.574468085106383,0.5872727272727273,0.8153783728951106,0.29825965193038606,1.0
Lisa Galvan,1.0,0.7836363636363637,0.37847433556502336,0.22784556911382275,0.0
Matthew Bernard,0.02127659574468085,0.5945454545454546,0.9515114627713532,0.8265653130626125,0.6
Martin Moreno,0.9574468085106383,0.4581818181818182,0.41316697098803,0.7873574714942989,1.0
Dustin Flores,0.3404255319148936,0.3890909090909091,0.14566849259484682,0.8335667133426685,1.0
Kimberly Fuller,0.3191489361702128,0.7872727272727272,0.4132684114424833,0.044608921784356874,1.0
Bobby Dominguez,0.6808510638297872,0.39090909090909093,0.8571718401298438,0.0636127225445089,0.4
Christian Bryant,0.9787234042553191,0.9490909090909091,0.686143233921688,0.6655331066213243,0.4
Elizabeth Schmidt,0.3191489361702128,0.7963636363636364,0.9867113004666261,0.45789157831566313,0.4
David Moran,0.8723404255319149,0.6,0.4501927368634612,0.74374874974995,0.0
Peter Deleon,0.7872340425531915,0.8363636363636363,0.19933049300060865,0.919383876775355,0.0
Cheryl Price,1.0,0.5145454545454545,0.6937512680056807,0.3940788157631526,1.0
Judy Diaz,0.5957446808510638,0.6945454545454546,0.5350983972408196,0.6013202640528106,0.2
David Davis,0.7659574468085106,0.04,0.5892675999188476,0.21004200840168033,1.0
Johnathan Lopez,0.3617021276595745,0.6,0.34378170014201664,0.5167033406681336,0.6
Travis Carter,0.06382978723404255,0.5727272727272728,0.14566849259484682,0.3198639727945589,0.4
Joanna Rodriguez,0.9574468085106383,0.5036363636363637,0.5189693649827551,0.4250850170034007,0.6
Raymond Chen,0.2978723404255319,0.5563636363636364,0.7713532156624062,0.34806961392278457,0.6
Michelle Parker,0.574468085106383,0.4509090909090909,0.8283627510651248,0.46749349869973994,1.0
Victoria Fields,0.7446808510638298,0.5054545454545455,0.20480827754108338,0.23084616923384677,1.0
Vanessa Whitehead,0.2765957446808511,0.5854545454545454,0.7780482856563198,0.48009601920384076,0.2
Andrew Garrett,0.5319148936170213,0.5363636363636364,0.5547778454047474,0.40208041608321665,1.0
Jessica Mccann,1.0,0.7836363636363637,0.4121525664434977,0.47489497899579913,1.0
Kimberly Hutchinson,0.2978723404255319,0.05818181818181818,0.8188273483465206,0.531506301260252,0.8
Christopher Robertson,0.9148936170212766,0.8909090909090909,0.9018056400892676,0.9479895979195839,0.8
Sean Kerr,0.5531914893617021,0.9418181818181818,0.6490160275918037,0.6091218243648729,0.4
Mario Johnson,0.6382978723404256,0.8690909090909091,0.8560559951308582,0.3642728545709142,0.8
Aaron Lynch,0.8085106382978723,0.02909090909090909,0.9833637654696693,0.4996999399879976,0.6
Joseph Morales,0.9148936170212766,0.7254545454545455,0.04747413268411443,0.41248249649929986,0.2
Timothy Thomas,0.723404255319149,0.24181818181818182,0.7168796916210185,0.7993598719743948,0.2
Tom Stewart,0.06382978723404255,0.8072727272727273,0.5162304727125178,0.3064612922584517,0.2
Shawn Porter MD,0.9148936170212766,0.9381818181818182,0.22398052343274497,0.4902980596119224,0.0
Amy Thompson,0.6595744680851063,0.05090909090909091,0.40758774599310205,0.755751150230046,0.2
Kimberly Arnold,0.7659574468085106,0.3690909090909091,0.3600121728545344,0.34546909381876373,0.8
Tara Hughes,0.3829787234042553,0.19090909090909092,0.39429904645972813,0.780756151230246,0.6
Eric Delacruz,0.48936170212765956,0.3145454545454546,0.48366808683302903,0.5513102620524105,0.6
Crystal Miller,0.9574468085106383,0.26181818181818184,0.6042807871779265,0.16183236647329466,0.6
Benjamin Vincent,0.2765957446808511,0.6781818181818182,0.3275512274294989,0.3716743348669734,0.2
Jared Harris,0.2553191489361702,0.08181818181818182,0.7829174274700751,0.34866973394678935,1.0
Gregory Allen,0.6382978723404256,0.8290909090909091,0.7121119902617163,0.46849369873974794,1.0
Jeremy Brooks,0.2765957446808511,0.32,0.25907892067356464,0.9557911582316463,0.6
Jill Aguilar,0.5106382978723404,0.7018181818181818,0.11270034489754514,0.5441088217643528,0.6
Paul Hernandez,0.0851063829787234,0.20909090909090908,0.3479407587745993,0.22484496899379877,0.4
Anthony Levine,0.8297872340425532,0.5272727272727272,0.5144045445323595,0.2882576515303061,0.6
John Kim,0.1702127659574468,0.1781818181818182,0.32379793061472917,0.39807961592318464,0.2
Jamie Williams,0.851063829787234,0.13272727272727272,0.2325015216068168,0.9657931586317263,0.8
Tamara Guerra,0.7446808510638298,0.8836363636363637,0.08673158855751674,0.45609121824364873,0.8
Ryan Torres,0.6808510638297872,0.045454545454545456,0.37827145465611683,0.34526905381076217,0.4
Andrew Clark,0.19148936170212766,0.43454545454545457,0.4866098600121729,0.8971794358871774,0.0
Michael Singleton,0.9361702127659575,0.28363636363636363,0.2847433556502333,0.7811562312462492,1.0
Richard Smith,0.8723404255319149,0.8290909090909091,0.4309190505173463,0.11322264452890578,0.8
Amber Adams,0.9361702127659575,0.4763636363636364,0.6112801785351999,0.5943188637727546,0.0
Stephanie Collier,0.5531914893617021,0.9072727272727272,0.056299452221545955,0.6625325065013002,1.0
Ricardo Fisher,0.6808510638297872,0.8127272727272727,0.6662609048488537,0.2768553710742148,0.2
Kathy Mccarty,0.5957446808510638,0.7345454545454545,0.5297220531547981,0.2576515303060612,0.8
Tasha Gomez,0.10638297872340426,0.14363636363636365,0.2762223574761615,0.46109221844368875,0.2
Paula Morris,0.19148936170212766,0.5490909090909091,0.14962467031852303,0.9179835967193438,0.0
Daniel Nguyen,0.8936170212765957,0.26545454545454544,0.6494217894096166,0.16163232646529305,0.0
Christopher Hunter,0.0851063829787234,0.62,0.7686143233921688,0.22764552910582117,0.4
Ann Byrd,0.9361702127659575,0.16727272727272727,0.24102251978088862,0.3622724544908982,0.6
Matthew Hines,0.0425531914893617,0.4709090909090909,0.3101034692635423,0.34406881376275256,0.4
David Rivas,0.23404255319148937,0.48727272727272725,0.9486711300466626,0.38287657531506303,0.6
Kerry Hayes,0.8936170212765957,0.09636363636363636,0.12182998579833637,0.5839167833566713,0.8
Shannon Cardenas,0.8085106382978723,0.8381818181818181,0.0595455467640495,0.4224844968993799,0.4
Richard Malone,0.2553191489361702,0.10181818181818182,0.95485899776831,0.6997399479895979,1.0
Thomas Harper,0.14893617021276595,0.7254545454545455,0.6677825116656523,0.32206441288257653,0.8
Jessica Gutierrez,0.425531914893617,0.7072727272727273,0.5084195577196186,0.5349069813962792,0.2
Ryan Butler,0.19148936170212766,0.12727272727272726,0.36041793467234734,0.5689137827565514,0.4
Erik Lynch,1.0,0.5636363636363636,0.25806451612903225,0.07521504300860173,0.4
Michael Guerrero,0.5531914893617021,0.9054545454545454,0.8064516129032258,0.5883176635327065,0.4
Luis Mills,0.5106382978723404,0.990909090909091,0.7749036315682695,0.3388677735547109,0.0
Jennifer Rodriguez,0.7659574468085106,0.9127272727272727,0.21059038344491784,0.8649729945989197,0.4
Mitchell Chase,0.2553191489361702,0.610909090909091,0.6012375735443295,0.6157231446289257,0.0
Tiffany Little,0.3191489361702128,0.2963636363636364,0.6316697098803002,0.7039407881576315,0.0
Michelle Watts,0.8723404255319149,0.8381818181818181,0.4008926759991885,0.15543108621724344,0.8
Donald Herrera,0.10638297872340426,0.9854545454545455,0.8652870764861027,0.28945789157831564,0.0
Jillian Johnson,0.48936170212765956,0.27454545454545454,0.9086021505376344,0.9519903980796159,0.4
Mark Dickson,0.574468085106383,0.7727272727272727,0.07699330493000608,0.7319463892778556,0.2
Karen Sanders,0.2765957446808511,0.2672727272727273,0.22134307161696085,0.9607921584316863,0.8
Sherry Alvarez,0.3829787234042553,0.27454545454545454,0.19233110164333536,0.28385677135427084,0.0
Aaron Olsen,0.7021276595744681,0.034545454545454546,0.6904037330087239,0.5491098219643928,0.6
Juan Espinoza,0.5319148936170213,0.8563636363636363,0.37654696693041184,0.32486497299459893,0.2
Johnathan Cohen,0.40425531914893614,0.12181818181818181,0.9052546155406777,0.7341468293658732,0.6
Ashley Rodriguez,0.06382978723404255,0.6054545454545455,0.21769121525664434,0.9565913182636527,0.4
Brent Franco,0.8085106382978723,0.3181818181818182,0.6973016839115439,0.6335267053410683,0.0
Nicholas Ferrell,0.5957446808510638,0.82,0.2882937715560966,0.6625325065013002,0.2
Maria Fields,0.06382978723404255,0.2781818181818182,0.7136335970785149,0.511502300460092,1.0
John Griffin Jr.,0.10638297872340426,0.9963636363636363,0.837492391965916,0.762752550510102,0.4
Carla Richardson,0.6808510638297872,0.10181818181818182,0.1696084398458105,0.4334866973394679,0.2
Andrea Thomas,0.0851063829787234,0.7509090909090909,0.9267599918847637,0.5317063412682537,0.2
David Perez,0.3191489361702128,0.20545454545454545,0.2917427470075066,0.22324464892978596,0.2
Jacqueline Morrow,0.7872340425531915,0.9636363636363636,0.8337390951511463,0.22824564912982598,0.2
Adrienne Allen,0.3404255319148936,0.9927272727272727,0.5696895922093731,0.7645529105821164,1.0
Laura Long,0.9787234042553191,0.8290909090909091,0.3289713937918442,0.868373674734947,0.8
Christopher Buchanan,0.7446808510638298,0.26181818181818184,0.18056400892676,0.6427285457091418,1.0
Charlene Walton,0.02127659574468085,0.8381818181818181,0.40647190099411645,0.965993198639728,0.2
Mark Flores,0.6808510638297872,0.9509090909090909,0.7915398660986002,0.47789557911582314,0.6
Richard Leon,0.851063829787234,0.6545454545454545,0.5711097585717184,0.8947789557911582,0.2
Alan Meyer,0.10638297872340426,0.5945454545454546,0.13116250760803408,0.7703540708141629,0.6
Mr. Timothy Jones,0.9574468085106383,0.4818181818181818,0.32298640697910325,0.6213242648529705,0.2
Jonathon Webster,0.723404255319149,0.2690909090909091,0.5840941367417326,0.6761352270454091,0.8
Jonathan Rivera,0.19148936170212766,0.8654545454545455,0.16210184621627105,0.7953590718143628,0.2
Timothy Fernandez,0.9148936170212766,0.8,0.4474538445932238,0.8457691538307661,1.0
Deborah Johnson,0.48936170212765956,0.24,0.04524244268614323,0.4530906181236247,0.0
Joshua Murray,0.5319148936170213,0.9472727272727273,0.4523229864069791,0.8629725945189037,0.4
Albert Petersen,0.5957446808510638,0.9527272727272728,0.7385879488740109,0.5179035807161432,0.2
